file,line,type,commit,author,date,time,timezone,datetime,depth,length
style.css,1,css,197661b7,pelicheng,2025-01-21,20:47:35,-08:00,2025-01-21T20:47:35-08:00,0,31
style.css,2,css,4ab76075,pelicheng,2025-01-16,16:51:50,-08:00,2025-01-16T16:51:50-08:00,0,6
style.css,3,css,4ab76075,pelicheng,2025-01-16,16:51:50,-08:00,2025-01-16T16:51:50-08:00,0,43
style.css,4,css,136cf018,pelicheng,2025-01-22,00:03:50,-08:00,2025-01-22T00:03:50-08:00,0,24
style.css,5,css,4ab76075,pelicheng,2025-01-16,16:51:50,-08:00,2025-01-16T16:51:50-08:00,0,0
style.css,6,css,4ab76075,pelicheng,2025-01-16,16:51:50,-08:00,2025-01-16T16:51:50-08:00,0,0
style.css,7,css,85ddde82,pelicheng,2025-01-10,01:51:49,-08:00,2025-01-10T01:51:49-08:00,0,5
style.css,8,css,85ddde82,pelicheng,2025-01-10,01:51:49,-08:00,2025-01-10T01:51:49-08:00,0,92
style.css,9,css,85ddde82,pelicheng,2025-01-10,01:51:49,-08:00,2025-01-10T01:51:49-08:00,0,24
style.css,10,css,4ab76075,pelicheng,2025-01-16,16:51:50,-08:00,2025-01-16T16:51:50-08:00,0,16
style.css,11,css,4ab76075,pelicheng,2025-01-16,16:51:50,-08:00,2025-01-16T16:51:50-08:00,0,19
style.css,12,css,4ab76075,pelicheng,2025-01-16,16:51:50,-08:00,2025-01-16T16:51:50-08:00,0,13
style.css,13,css,4ab76075,pelicheng,2025-01-16,16:51:50,-08:00,2025-01-16T16:51:50-08:00,0,0
style.css,14,css,4ab76075,pelicheng,2025-01-16,16:51:50,-08:00,2025-01-16T16:51:50-08:00,0,0
style.css,15,css,4ab76075,pelicheng,2025-01-16,16:51:50,-08:00,2025-01-16T16:51:50-08:00,0,3
style.css,16,css,4ab76075,pelicheng,2025-01-16,16:51:50,-08:00,2025-01-16T16:51:50-08:00,0,15
style.css,17,css,4ab76075,pelicheng,2025-01-16,16:51:50,-08:00,2025-01-16T16:51:50-08:00,0,0
style.css,18,css,4ab76075,pelicheng,2025-01-16,16:51:50,-08:00,2025-01-16T16:51:50-08:00,0,0
style.css,19,css,4ab76075,pelicheng,2025-01-16,16:51:50,-08:00,2025-01-16T16:51:50-08:00,0,3
style.css,20,css,4ab76075,pelicheng,2025-01-16,16:51:50,-08:00,2025-01-16T16:51:50-08:00,0,15
style.css,21,css,4ab76075,pelicheng,2025-01-16,16:51:50,-08:00,2025-01-16T16:51:50-08:00,0,0
style.css,22,css,4ab76075,pelicheng,2025-01-16,16:51:50,-08:00,2025-01-16T16:51:50-08:00,0,0
style.css,23,css,4ab76075,pelicheng,2025-01-16,16:51:50,-08:00,2025-01-16T16:51:50-08:00,0,23
style.css,24,css,4ab76075,pelicheng,2025-01-16,16:51:50,-08:00,2025-01-16T16:51:50-08:00,0,16
style.css,25,css,4ab76075,pelicheng,2025-01-16,16:51:50,-08:00,2025-01-16T16:51:50-08:00,0,18
style.css,26,css,4ab76075,pelicheng,2025-01-16,16:51:50,-08:00,2025-01-16T16:51:50-08:00,0,0
style.css,27,css,4ab76075,pelicheng,2025-01-16,16:51:50,-08:00,2025-01-16T16:51:50-08:00,0,0
style.css,28,css,4ab76075,pelicheng,2025-01-16,16:51:50,-08:00,2025-01-16T16:51:50-08:00,0,4
style.css,29,css,4ab76075,pelicheng,2025-01-16,16:51:50,-08:00,2025-01-16T16:51:50-08:00,0,13
style.css,30,css,4ab76075,pelicheng,2025-01-16,16:51:50,-08:00,2025-01-16T16:51:50-08:00,0,18
style.css,31,css,4ab76075,pelicheng,2025-01-16,16:51:50,-08:00,2025-01-16T16:51:50-08:00,0,24
style.css,32,css,4ab76075,pelicheng,2025-01-16,16:51:50,-08:00,2025-01-16T16:51:50-08:00,0,26
style.css,33,css,136cf018,pelicheng,2025-01-22,00:03:50,-08:00,2025-01-22T00:03:50-08:00,0,40
style.css,34,css,136cf018,pelicheng,2025-01-22,00:03:50,-08:00,2025-01-22T00:03:50-08:00,0,39
style.css,35,css,4ab76075,pelicheng,2025-01-16,16:51:50,-08:00,2025-01-16T16:51:50-08:00,0,0
style.css,36,css,4ab76075,pelicheng,2025-01-16,16:51:50,-08:00,2025-01-16T16:51:50-08:00,0,0
style.css,37,css,4ab76075,pelicheng,2025-01-16,16:51:50,-08:00,2025-01-16T16:51:50-08:00,0,6
style.css,38,css,4ab76075,pelicheng,2025-01-16,16:51:50,-08:00,2025-01-16T16:51:50-08:00,0,17
style.css,39,css,4ab76075,pelicheng,2025-01-16,16:51:50,-08:00,2025-01-16T16:51:50-08:00,0,0
style.css,40,css,4ab76075,pelicheng,2025-01-16,16:51:50,-08:00,2025-01-16T16:51:50-08:00,0,0
style.css,41,css,4ab76075,pelicheng,2025-01-16,16:51:50,-08:00,2025-01-16T16:51:50-08:00,0,6
style.css,42,css,4ab76075,pelicheng,2025-01-16,16:51:50,-08:00,2025-01-16T16:51:50-08:00,0,17
style.css,43,css,4ab76075,pelicheng,2025-01-16,16:51:50,-08:00,2025-01-16T16:51:50-08:00,0,0
style.css,44,css,4ab76075,pelicheng,2025-01-16,16:51:50,-08:00,2025-01-16T16:51:50-08:00,0,0
style.css,45,css,4ab76075,pelicheng,2025-01-16,16:51:50,-08:00,2025-01-16T16:51:50-08:00,0,6
style.css,46,css,4ab76075,pelicheng,2025-01-16,16:51:50,-08:00,2025-01-16T16:51:50-08:00,0,7
style.css,47,css,4ab76075,pelicheng,2025-01-16,16:51:50,-08:00,2025-01-16T16:51:50-08:00,0,21
style.css,48,css,4ab76075,pelicheng,2025-01-16,16:51:50,-08:00,2025-01-16T16:51:50-08:00,0,14
style.css,49,css,4ab76075,pelicheng,2025-01-16,16:51:50,-08:00,2025-01-16T16:51:50-08:00,0,18
style.css,50,css,4ab76075,pelicheng,2025-01-16,16:51:50,-08:00,2025-01-16T16:51:50-08:00,0,14
style.css,51,css,4ab76075,pelicheng,2025-01-16,16:51:50,-08:00,2025-01-16T16:51:50-08:00,0,0
style.css,52,css,4ab76075,pelicheng,2025-01-16,16:51:50,-08:00,2025-01-16T16:51:50-08:00,0,0
style.css,53,css,4ab76075,pelicheng,2025-01-16,16:51:50,-08:00,2025-01-16T16:51:50-08:00,0,13
style.css,54,css,4ab76075,pelicheng,2025-01-16,16:51:50,-08:00,2025-01-16T16:51:50-08:00,0,26
style.css,55,css,4ab76075,pelicheng,2025-01-16,16:51:50,-08:00,2025-01-16T16:51:50-08:00,0,26
style.css,56,css,4ab76075,pelicheng,2025-01-16,16:51:50,-08:00,2025-01-16T16:51:50-08:00,0,38
style.css,57,css,4ab76075,pelicheng,2025-01-16,16:51:50,-08:00,2025-01-16T16:51:50-08:00,0,21
style.css,58,css,4ab76075,pelicheng,2025-01-16,16:51:50,-08:00,2025-01-16T16:51:50-08:00,0,0
style.css,59,css,4ab76075,pelicheng,2025-01-16,16:51:50,-08:00,2025-01-16T16:51:50-08:00,0,0
style.css,60,css,4ab76075,pelicheng,2025-01-16,16:51:50,-08:00,2025-01-16T16:51:50-08:00,0,12
style.css,61,css,4ab76075,pelicheng,2025-01-16,16:51:50,-08:00,2025-01-16T16:51:50-08:00,0,26
style.css,62,css,4ab76075,pelicheng,2025-01-16,16:51:50,-08:00,2025-01-16T16:51:50-08:00,0,40
style.css,63,css,4ab76075,pelicheng,2025-01-16,16:51:50,-08:00,2025-01-16T16:51:50-08:00,0,26
style.css,64,css,4ab76075,pelicheng,2025-01-16,16:51:50,-08:00,2025-01-16T16:51:50-08:00,0,21
style.css,65,css,136cf018,pelicheng,2025-01-22,00:03:50,-08:00,2025-01-22T00:03:50-08:00,0,70
style.css,66,css,4ab76075,pelicheng,2025-01-16,16:51:50,-08:00,2025-01-16T16:51:50-08:00,0,0
style.css,67,css,4ab76075,pelicheng,2025-01-16,16:51:50,-08:00,2025-01-16T16:51:50-08:00,0,0
style.css,68,css,4ab76075,pelicheng,2025-01-16,16:51:50,-08:00,2025-01-16T16:51:50-08:00,0,5
style.css,69,css,4ab76075,pelicheng,2025-01-16,16:51:50,-08:00,2025-01-16T16:51:50-08:00,0,13
style.css,70,css,4ab76075,pelicheng,2025-01-16,16:51:50,-08:00,2025-01-16T16:51:50-08:00,0,31
style.css,71,css,4ab76075,pelicheng,2025-01-16,16:51:50,-08:00,2025-01-16T16:51:50-08:00,0,8
style.css,72,css,4ab76075,pelicheng,2025-01-16,16:51:50,-08:00,2025-01-16T16:51:50-08:00,0,0
style.css,73,css,4ab76075,pelicheng,2025-01-16,16:51:50,-08:00,2025-01-16T16:51:50-08:00,0,0
style.css,74,css,136cf018,pelicheng,2025-01-22,00:03:50,-08:00,2025-01-22T00:03:50-08:00,0,32
style.css,75,css,4ab76075,pelicheng,2025-01-16,16:51:50,-08:00,2025-01-16T16:51:50-08:00,0,13
style.css,76,css,4ab76075,pelicheng,2025-01-16,16:51:50,-08:00,2025-01-16T16:51:50-08:00,0,0
style.css,77,css,4ab76075,pelicheng,2025-01-16,16:51:50,-08:00,2025-01-16T16:51:50-08:00,0,0
style.css,78,css,4ab76075,pelicheng,2025-01-16,16:51:50,-08:00,2025-01-16T16:51:50-08:00,0,6
style.css,79,css,4ab76075,pelicheng,2025-01-16,16:51:50,-08:00,2025-01-16T16:51:50-08:00,0,13
style.css,80,css,4ab76075,pelicheng,2025-01-16,16:51:50,-08:00,2025-01-16T16:51:50-08:00,0,30
style.css,81,css,4ab76075,pelicheng,2025-01-16,16:51:50,-08:00,2025-01-16T16:51:50-08:00,0,19
style.css,82,css,4ab76075,pelicheng,2025-01-16,16:51:50,-08:00,2025-01-16T16:51:50-08:00,0,0
style.css,83,css,4ab76075,pelicheng,2025-01-16,16:51:50,-08:00,2025-01-16T16:51:50-08:00,0,0
style.css,84,css,4ab76075,pelicheng,2025-01-16,16:51:50,-08:00,2025-01-16T16:51:50-08:00,0,7
style.css,85,css,4ab76075,pelicheng,2025-01-16,16:51:50,-08:00,2025-01-16T16:51:50-08:00,0,19
style.css,86,css,4ab76075,pelicheng,2025-01-16,16:51:50,-08:00,2025-01-16T16:51:50-08:00,0,0
style.css,87,css,4ab76075,pelicheng,2025-01-16,16:51:50,-08:00,2025-01-16T16:51:50-08:00,0,0
style.css,88,css,4ab76075,pelicheng,2025-01-16,16:51:50,-08:00,2025-01-16T16:51:50-08:00,0,10
style.css,89,css,4ab76075,pelicheng,2025-01-16,16:51:50,-08:00,2025-01-16T16:51:50-08:00,0,13
style.css,90,css,4ab76075,pelicheng,2025-01-16,16:51:50,-08:00,2025-01-16T16:51:50-08:00,0,59
style.css,91,css,4ab76075,pelicheng,2025-01-16,16:51:50,-08:00,2025-01-16T16:51:50-08:00,0,8
style.css,92,css,4ab76075,pelicheng,2025-01-16,16:51:50,-08:00,2025-01-16T16:51:50-08:00,0,0
style.css,93,css,4ab76075,pelicheng,2025-01-16,16:51:50,-08:00,2025-01-16T16:51:50-08:00,0,0
style.css,94,css,4ab76075,pelicheng,2025-01-16,16:51:50,-08:00,2025-01-16T16:51:50-08:00,0,8
style.css,95,css,4ab76075,pelicheng,2025-01-16,16:51:50,-08:00,2025-01-16T16:51:50-08:00,0,27
style.css,96,css,4ab76075,pelicheng,2025-01-16,16:51:50,-08:00,2025-01-16T16:51:50-08:00,0,16
style.css,97,css,4ab76075,pelicheng,2025-01-16,16:51:50,-08:00,2025-01-16T16:51:50-08:00,0,0
style.css,98,css,4ab76075,pelicheng,2025-01-16,16:51:50,-08:00,2025-01-16T16:51:50-08:00,0,0
style.css,99,css,4ab76075,pelicheng,2025-01-16,16:51:50,-08:00,2025-01-16T16:51:50-08:00,0,3
style.css,100,css,4ab76075,pelicheng,2025-01-16,16:51:50,-08:00,2025-01-16T16:51:50-08:00,0,9
style.css,101,css,4ab76075,pelicheng,2025-01-16,16:51:50,-08:00,2025-01-16T16:51:50-08:00,0,0
style.css,102,css,4ab76075,pelicheng,2025-01-16,16:51:50,-08:00,2025-01-16T16:51:50-08:00,0,0
style.css,103,css,4ab76075,pelicheng,2025-01-16,16:51:50,-08:00,2025-01-16T16:51:50-08:00,0,8
style.css,104,css,4ab76075,pelicheng,2025-01-16,16:51:50,-08:00,2025-01-16T16:51:50-08:00,0,13
style.css,105,css,4ab76075,pelicheng,2025-01-16,16:51:50,-08:00,2025-01-16T16:51:50-08:00,0,30
style.css,106,css,4ab76075,pelicheng,2025-01-16,16:51:50,-08:00,2025-01-16T16:51:50-08:00,0,14
style.css,107,css,4ab76075,pelicheng,2025-01-16,16:51:50,-08:00,2025-01-16T16:51:50-08:00,0,0
style.css,108,css,4ab76075,pelicheng,2025-01-16,16:51:50,-08:00,2025-01-16T16:51:50-08:00,0,0
style.css,109,css,4ab76075,pelicheng,2025-01-16,16:51:50,-08:00,2025-01-16T16:51:50-08:00,0,6
style.css,110,css,136cf018,pelicheng,2025-01-22,00:03:50,-08:00,2025-01-22T00:03:50-08:00,0,31
style.css,111,css,136cf018,pelicheng,2025-01-22,00:03:50,-08:00,2025-01-22T00:03:50-08:00,0,58
style.css,112,css,4ab76075,pelicheng,2025-01-16,16:51:50,-08:00,2025-01-16T16:51:50-08:00,0,12
style.css,113,css,4ab76075,pelicheng,2025-01-16,16:51:50,-08:00,2025-01-16T16:51:50-08:00,0,24
style.css,114,css,4ab76075,pelicheng,2025-01-16,16:51:50,-08:00,2025-01-16T16:51:50-08:00,0,0
style.css,115,css,4ab76075,pelicheng,2025-01-16,16:51:50,-08:00,2025-01-16T16:51:50-08:00,0,0
style.css,116,css,4ab76075,pelicheng,2025-01-16,16:51:50,-08:00,2025-01-16T16:51:50-08:00,0,7
style.css,117,css,136cf018,pelicheng,2025-01-22,00:03:50,-08:00,2025-01-22T00:03:50-08:00,0,31
style.css,118,css,136cf018,pelicheng,2025-01-22,00:03:50,-08:00,2025-01-22T00:03:50-08:00,0,58
style.css,119,css,4ab76075,pelicheng,2025-01-16,16:51:50,-08:00,2025-01-16T16:51:50-08:00,0,12
style.css,120,css,4ab76075,pelicheng,2025-01-16,16:51:50,-08:00,2025-01-16T16:51:50-08:00,0,0
style.css,121,css,4ab76075,pelicheng,2025-01-16,16:51:50,-08:00,2025-01-16T16:51:50-08:00,0,0
style.css,122,css,4ab76075,pelicheng,2025-01-16,16:51:50,-08:00,2025-01-16T16:51:50-08:00,0,17
style.css,123,css,4ab76075,pelicheng,2025-01-16,16:51:50,-08:00,2025-01-16T16:51:50-08:00,0,24
style.css,124,css,4ab76075,pelicheng,2025-01-16,16:51:50,-08:00,2025-01-16T16:51:50-08:00,0,26
style.css,125,css,4ab76075,pelicheng,2025-01-16,16:51:50,-08:00,2025-01-16T16:51:50-08:00,0,26
style.css,126,css,4ab76075,pelicheng,2025-01-16,16:51:50,-08:00,2025-01-16T16:51:50-08:00,0,18
style.css,127,css,4ab76075,pelicheng,2025-01-16,16:51:50,-08:00,2025-01-16T16:51:50-08:00,0,0
style.css,128,css,4ab76075,pelicheng,2025-01-16,16:51:50,-08:00,2025-01-16T16:51:50-08:00,0,0
style.css,129,css,4ab76075,pelicheng,2025-01-16,16:51:50,-08:00,2025-01-16T16:51:50-08:00,0,16
style.css,130,css,4ab76075,pelicheng,2025-01-16,16:51:50,-08:00,2025-01-16T16:51:50-08:00,0,18
style.css,131,css,4ab76075,pelicheng,2025-01-16,16:51:50,-08:00,2025-01-16T16:51:50-08:00,0,0
style.css,132,css,136cf018,pelicheng,2025-01-22,00:03:50,-08:00,2025-01-22T00:03:50-08:00,0,0
style.css,133,css,136cf018,pelicheng,2025-01-22,00:03:50,-08:00,2025-01-22T00:03:50-08:00,0,14
style.css,134,css,136cf018,pelicheng,2025-01-22,00:03:50,-08:00,2025-01-22T00:03:50-08:00,0,18
style.css,135,css,136cf018,pelicheng,2025-01-22,00:03:50,-08:00,2025-01-22T00:03:50-08:00,0,9
style.css,136,css,136cf018,pelicheng,2025-01-22,00:03:50,-08:00,2025-01-22T00:03:50-08:00,0,11
style.css,137,css,136cf018,pelicheng,2025-01-22,00:03:50,-08:00,2025-01-22T00:03:50-08:00,0,17
style.css,138,css,fac33c26,pelicheng,2025-01-31,00:46:59,-08:00,2025-01-31T00:46:59-08:00,0,0
style.css,139,css,fac33c26,pelicheng,2025-01-31,00:46:59,-08:00,2025-01-31T00:46:59-08:00,0,0
style.css,140,css,fac33c26,pelicheng,2025-01-31,00:46:59,-08:00,2025-01-31T00:46:59-08:00,0,18
style.css,141,css,fac33c26,pelicheng,2025-01-31,00:46:59,-08:00,2025-01-31T00:46:59-08:00,0,13
style.css,142,css,fac33c26,pelicheng,2025-01-31,00:46:59,-08:00,2025-01-31T00:46:59-08:00,0,38
style.css,143,css,fac33c26,pelicheng,2025-01-31,00:46:59,-08:00,2025-01-31T00:46:59-08:00,0,0
style.css,144,css,fac33c26,pelicheng,2025-01-31,00:46:59,-08:00,2025-01-31T00:46:59-08:00,0,0
style.css,145,css,fac33c26,pelicheng,2025-01-31,00:46:59,-08:00,2025-01-31T00:46:59-08:00,0,18
style.css,146,css,fac33c26,pelicheng,2025-01-31,00:46:59,-08:00,2025-01-31T00:46:59-08:00,0,11
style.css,147,css,fac33c26,pelicheng,2025-01-31,00:46:59,-08:00,2025-01-31T00:46:59-08:00,0,0
style.css,148,css,fac33c26,pelicheng,2025-01-31,00:46:59,-08:00,2025-01-31T00:46:59-08:00,0,0
style.css,149,css,fac33c26,pelicheng,2025-01-31,00:46:59,-08:00,2025-01-31T00:46:59-08:00,0,18
style.css,150,css,fac33c26,pelicheng,2025-01-31,00:46:59,-08:00,2025-01-31T00:46:59-08:00,0,11
style.css,151,css,9c966056,pelicheng,2025-02-07,00:25:05,-08:00,2025-02-07T00:25:05-08:00,0,0
style.css,152,css,9c966056,pelicheng,2025-02-07,00:25:05,-08:00,2025-02-07T00:25:05-08:00,0,0
style.css,153,css,9c966056,pelicheng,2025-02-07,00:25:05,-08:00,2025-02-07T00:25:05-08:00,0,14
style.css,154,css,9c966056,pelicheng,2025-02-07,00:25:05,-08:00,2025-02-07T00:25:05-08:00,0,11
style.css,155,css,9c966056,pelicheng,2025-02-07,00:25:05,-08:00,2025-02-07T00:25:05-08:00,0,35
style.css,156,css,9c966056,pelicheng,2025-02-07,00:25:05,-08:00,2025-02-07T00:25:05-08:00,0,26
style.css,157,css,9c966056,pelicheng,2025-02-07,00:25:05,-08:00,2025-02-07T00:25:05-08:00,0,0
style.css,158,css,9c966056,pelicheng,2025-02-07,00:25:05,-08:00,2025-02-07T00:25:05-08:00,0,0
style.css,159,css,9c966056,pelicheng,2025-02-07,00:25:05,-08:00,2025-02-07T00:25:05-08:00,0,19
style.css,160,css,9c966056,pelicheng,2025-02-07,00:25:05,-08:00,2025-02-07T00:25:05-08:00,0,15
style.css,161,css,9c966056,pelicheng,2025-02-07,00:25:05,-08:00,2025-02-07T00:25:05-08:00,0,17
style.css,162,css,9c966056,pelicheng,2025-02-07,00:25:05,-08:00,2025-02-07T00:25:05-08:00,0,43
style.css,163,css,9c966056,pelicheng,2025-02-07,00:25:05,-08:00,2025-02-07T00:25:05-08:00,0,17
style.css,164,css,9c966056,pelicheng,2025-02-07,00:25:05,-08:00,2025-02-07T00:25:05-08:00,0,14
style.css,165,css,9c966056,pelicheng,2025-02-07,00:25:05,-08:00,2025-02-07T00:25:05-08:00,0,0
style.css,166,css,9c966056,pelicheng,2025-02-07,00:25:05,-08:00,2025-02-07T00:25:05-08:00,0,0
style.css,167,css,9c966056,pelicheng,2025-02-07,00:25:05,-08:00,2025-02-07T00:25:05-08:00,0,8
style.css,168,css,9c966056,pelicheng,2025-02-07,00:25:05,-08:00,2025-02-07T00:25:05-08:00,0,13
style.css,169,css,9c966056,pelicheng,2025-02-07,00:25:05,-08:00,2025-02-07T00:25:05-08:00,0,58
style.css,170,css,9c966056,pelicheng,2025-02-07,00:25:05,-08:00,2025-02-07T00:25:05-08:00,0,8
style.css,171,css,9c966056,pelicheng,2025-02-07,00:25:05,-08:00,2025-02-07T00:25:05-08:00,0,16
style.css,172,css,9c966056,pelicheng,2025-02-07,00:25:05,-08:00,2025-02-07T00:25:05-08:00,0,12
style.css,173,css,9c966056,pelicheng,2025-02-07,00:25:05,-08:00,2025-02-07T00:25:05-08:00,0,37
style.css,174,css,9c966056,pelicheng,2025-02-07,00:25:05,-08:00,2025-02-07T00:25:05-08:00,0,18
style.css,175,css,9c966056,pelicheng,2025-02-07,00:25:05,-08:00,2025-02-07T00:25:05-08:00,0,7
style.css,176,css,9c966056,pelicheng,2025-02-07,00:25:05,-08:00,2025-02-07T00:25:05-08:00,0,14
style.css,177,css,9c966056,pelicheng,2025-02-07,00:25:05,-08:00,2025-02-07T00:25:05-08:00,0,0
style.css,178,css,9c966056,pelicheng,2025-02-07,00:25:05,-08:00,2025-02-07T00:25:05-08:00,0,0
style.css,179,css,9c966056,pelicheng,2025-02-07,00:25:05,-08:00,2025-02-07T00:25:05-08:00,0,11
style.css,180,css,9c966056,pelicheng,2025-02-07,00:25:05,-08:00,2025-02-07T00:25:05-08:00,0,13
style.css,181,css,9c966056,pelicheng,2025-02-07,00:25:05,-08:00,2025-02-07T00:25:05-08:00,0,19
style.css,182,css,9c966056,pelicheng,2025-02-07,00:25:05,-08:00,2025-02-07T00:25:05-08:00,0,8
style.css,183,css,9c966056,pelicheng,2025-02-07,00:25:05,-08:00,2025-02-07T00:25:05-08:00,0,13
style.css,184,css,9c966056,pelicheng,2025-02-07,00:25:05,-08:00,2025-02-07T00:25:05-08:00,0,0
style.css,185,css,9c966056,pelicheng,2025-02-07,00:25:05,-08:00,2025-02-07T00:25:05-08:00,0,0
style.css,186,css,9c966056,pelicheng,2025-02-07,00:25:05,-08:00,2025-02-07T00:25:05-08:00,0,19
style.css,187,css,9c966056,pelicheng,2025-02-07,00:25:05,-08:00,2025-02-07T00:25:05-08:00,0,21
style.css,188,css,9c966056,pelicheng,2025-02-07,00:25:05,-08:00,2025-02-07T00:25:05-08:00,0,11
style.css,189,css,9c966056,pelicheng,2025-02-07,00:25:05,-08:00,2025-02-07T00:25:05-08:00,0,12
style.css,190,css,9c966056,pelicheng,2025-02-07,00:25:05,-08:00,2025-02-07T00:25:05-08:00,0,30
style.css,191,css,9c966056,pelicheng,2025-02-07,00:25:05,-08:00,2025-02-07T00:25:05-08:00,0,18
style.css,192,css,9c966056,pelicheng,2025-02-07,00:25:05,-08:00,2025-02-07T00:25:05-08:00,0,0
style.css,193,css,9c966056,pelicheng,2025-02-07,00:25:05,-08:00,2025-02-07T00:25:05-08:00,0,0
style.css,194,css,9c966056,pelicheng,2025-02-07,00:25:05,-08:00,2025-02-07T00:25:05-08:00,0,11
style.css,195,css,9c966056,pelicheng,2025-02-07,00:25:05,-08:00,2025-02-07T00:25:05-08:00,0,13
style.css,196,css,9c966056,pelicheng,2025-02-07,00:25:05,-08:00,2025-02-07T00:25:05-08:00,0,19
style.css,197,css,9c966056,pelicheng,2025-02-07,00:25:05,-08:00,2025-02-07T00:25:05-08:00,0,9
style.css,198,css,9c966056,pelicheng,2025-02-07,00:25:05,-08:00,2025-02-07T00:25:05-08:00,0,15
style.css,199,css,9c966056,pelicheng,2025-02-07,00:25:05,-08:00,2025-02-07T00:25:05-08:00,0,0
style.css,200,css,9c966056,pelicheng,2025-02-07,00:25:05,-08:00,2025-02-07T00:25:05-08:00,0,0
style.css,201,css,9c966056,pelicheng,2025-02-07,00:25:05,-08:00,2025-02-07T00:25:05-08:00,0,20
style.css,202,css,9c966056,pelicheng,2025-02-07,00:25:05,-08:00,2025-02-07T00:25:05-08:00,0,17
style.css,203,css,9c966056,pelicheng,2025-02-07,00:25:05,-08:00,2025-02-07T00:25:05-08:00,0,12
style.css,204,css,9c966056,pelicheng,2025-02-07,00:25:05,-08:00,2025-02-07T00:25:05-08:00,0,0
style.css,205,css,9c966056,pelicheng,2025-02-07,00:25:05,-08:00,2025-02-07T00:25:05-08:00,0,0
style.css,206,css,9c966056,pelicheng,2025-02-07,00:25:05,-08:00,2025-02-07T00:25:05-08:00,0,0
style.css,207,css,9c966056,pelicheng,2025-02-07,00:25:05,-08:00,2025-02-07T00:25:05-08:00,0,5
style.css,208,css,9c966056,pelicheng,2025-02-07,00:25:05,-08:00,2025-02-07T00:25:05-08:00,0,17
style.css,209,css,9c966056,pelicheng,2025-02-07,00:25:05,-08:00,2025-02-07T00:25:05-08:00,0,15
style.css,210,css,9c966056,pelicheng,2025-02-07,00:25:05,-08:00,2025-02-07T00:25:05-08:00,0,0
style.css,211,css,9c966056,pelicheng,2025-02-07,00:25:05,-08:00,2025-02-07T00:25:05-08:00,0,0
style.css,212,css,9c966056,pelicheng,2025-02-07,00:25:05,-08:00,2025-02-07T00:25:05-08:00,0,10
style.css,213,css,9c966056,pelicheng,2025-02-07,00:25:05,-08:00,2025-02-07T00:25:05-08:00,0,42
style.css,214,css,9c966056,pelicheng,2025-02-07,00:25:05,-08:00,2025-02-07T00:25:05-08:00,0,47
style.css,215,css,9c966056,pelicheng,2025-02-07,00:25:05,-08:00,2025-02-07T00:25:05-08:00,0,0
style.css,216,css,9c966056,pelicheng,2025-02-07,00:25:05,-08:00,2025-02-07T00:25:05-08:00,0,11
style.css,217,css,9c966056,pelicheng,2025-02-07,00:25:05,-08:00,2025-02-07T00:25:05-08:00,0,18
style.css,218,css,9c966056,pelicheng,2025-02-07,00:25:05,-08:00,2025-02-07T00:25:05-08:00,0,0
style.css,219,css,9c966056,pelicheng,2025-02-07,00:25:05,-08:00,2025-02-07T00:25:05-08:00,0,0
index.js,1,js,fac33c26,pelicheng,2025-01-31,00:46:59,-08:00,2025-01-31T00:46:59-08:00,0,72
index.js,2,js,fac33c26,pelicheng,2025-01-31,00:46:59,-08:00,2025-01-31T00:46:59-08:00,0,0
index.js,3,js,fac33c26,pelicheng,2025-01-31,00:46:59,-08:00,2025-01-31T00:46:59-08:00,0,55
index.js,4,js,fac33c26,pelicheng,2025-01-31,00:46:59,-08:00,2025-01-31T00:46:59-08:00,0,43
index.js,5,js,fac33c26,pelicheng,2025-01-31,00:46:59,-08:00,2025-01-31T00:46:59-08:00,0,0
index.js,6,js,fac33c26,pelicheng,2025-01-31,00:46:59,-08:00,2025-01-31T00:46:59-08:00,0,61
index.js,7,js,fac33c26,pelicheng,2025-01-31,00:46:59,-08:00,2025-01-31T00:46:59-08:00,0,0
index.js,8,js,fac33c26,pelicheng,2025-01-31,00:46:59,-08:00,2025-01-31T00:46:59-08:00,0,55
index.js,9,js,fac33c26,pelicheng,2025-01-31,00:46:59,-08:00,2025-01-31T00:46:59-08:00,0,0
index.js,10,js,fac33c26,pelicheng,2025-01-31,00:46:59,-08:00,2025-01-31T00:46:59-08:00,0,53
index.js,11,js,fac33c26,pelicheng,2025-01-31,00:46:59,-08:00,2025-01-31T00:46:59-08:00,0,23
index.js,12,js,fac33c26,pelicheng,2025-01-31,00:46:59,-08:00,2025-01-31T00:46:59-08:00,0,0
index.js,13,js,fac33c26,pelicheng,2025-01-31,00:46:59,-08:00,2025-01-31T00:46:59-08:00,0,61
index.js,14,js,fac33c26,pelicheng,2025-01-31,00:46:59,-08:00,2025-01-31T00:46:59-08:00,0,0
index.js,15,js,fac33c26,pelicheng,2025-01-31,00:46:59,-08:00,2025-01-31T00:46:59-08:00,0,18
index.js,16,js,fac33c26,pelicheng,2025-01-31,00:46:59,-08:00,2025-01-31T00:46:59-08:00,0,25
index.js,17,js,fac33c26,pelicheng,2025-01-31,00:46:59,-08:00,2025-01-31T00:46:59-08:00,0,3
index.js,18,js,fac33c26,pelicheng,2025-01-31,00:46:59,-08:00,2025-01-31T00:46:59-08:00,0,56
index.js,19,js,fac33c26,pelicheng,2025-01-31,00:46:59,-08:00,2025-01-31T00:46:59-08:00,0,56
index.js,20,js,fac33c26,pelicheng,2025-01-31,00:46:59,-08:00,2025-01-31T00:46:59-08:00,0,50
index.js,21,js,fac33c26,pelicheng,2025-01-31,00:46:59,-08:00,2025-01-31T00:46:59-08:00,0,50
index.js,22,js,fac33c26,pelicheng,2025-01-31,00:46:59,-08:00,2025-01-31T00:46:59-08:00,0,4
index.js,23,js,fac33c26,pelicheng,2025-01-31,00:46:59,-08:00,2025-01-31T00:46:59-08:00,0,1
index.js,24,js,fac33c26,pelicheng,2025-01-31,00:46:59,-08:00,2025-01-31T00:46:59-08:00,0,0
index.html,1,html,f6497bc8,pelicheng,2025-01-09,19:17:34,-08:00,2025-01-09T19:17:34-08:00,0,14
index.html,2,html,f6497bc8,pelicheng,2025-01-09,19:17:34,-08:00,2025-01-09T19:17:34-08:00,0,15
index.html,3,html,f6497bc8,pelicheng,2025-01-09,19:17:34,-08:00,2025-01-09T19:17:34-08:00,0,5
index.html,4,html,f6497bc8,pelicheng,2025-01-09,19:17:34,-08:00,2025-01-09T19:17:34-08:00,0,21
index.html,5,html,f6497bc8,pelicheng,2025-01-09,19:17:34,-08:00,2025-01-09T19:17:34-08:00,0,69
index.html,6,html,f6497bc8,pelicheng,2025-01-09,19:17:34,-08:00,2025-01-09T19:17:34-08:00,0,56
index.html,7,html,85ddde82,pelicheng,2025-01-10,01:51:49,-08:00,2025-01-10T01:51:49-08:00,0,43
index.html,8,html,f6497bc8,pelicheng,2025-01-09,19:17:34,-08:00,2025-01-09T19:17:34-08:00,0,6
index.html,9,html,f6497bc8,pelicheng,2025-01-09,19:17:34,-08:00,2025-01-09T19:17:34-08:00,0,5
index.html,10,html,4ab76075,pelicheng,2025-01-16,16:51:50,-08:00,2025-01-16T16:51:50-08:00,0,21
index.html,11,html,4ab76075,pelicheng,2025-01-16,16:51:50,-08:00,2025-01-16T16:51:50-08:00,0,78
index.html,12,html,4ab76075,pelicheng,2025-01-16,16:51:50,-08:00,2025-01-16T16:51:50-08:00,0,58
index.html,13,html,fac33c26,pelicheng,2025-01-31,00:46:59,-08:00,2025-01-31T00:46:59-08:00,0,29
index.html,14,html,fac33c26,pelicheng,2025-01-31,00:46:59,-08:00,2025-01-31T00:46:59-08:00,0,23
index.html,15,html,fac33c26,pelicheng,2025-01-31,00:46:59,-08:00,2025-01-31T00:46:59-08:00,0,21
index.html,16,html,fac33c26,pelicheng,2025-01-31,00:46:59,-08:00,2025-01-31T00:46:59-08:00,0,50
index.html,17,html,fac33c26,pelicheng,2025-01-31,00:46:59,-08:00,2025-01-31T00:46:59-08:00,0,5
index.html,18,html,fac33c26,pelicheng,2025-01-31,00:46:59,-08:00,2025-01-31T00:46:59-08:00,0,0
index.html,19,html,197661b7,pelicheng,2025-01-21,20:47:35,-08:00,2025-01-21T20:47:35-08:00,0,0
index.html,20,html,197661b7,pelicheng,2025-01-21,20:47:35,-08:00,2025-01-21T20:47:35-08:00,0,50
index.html,21,html,fac33c26,pelicheng,2025-01-31,00:46:59,-08:00,2025-01-31T00:46:59-08:00,0,51
index.html,22,html,f6497bc8,pelicheng,2025-01-09,19:17:34,-08:00,2025-01-09T19:17:34-08:00,0,6
index.html,23,html,f6497bc8,pelicheng,2025-01-09,19:17:34,-08:00,2025-01-09T19:17:34-08:00,0,6
global.js,1,js,197661b7,pelicheng,2025-01-21,20:47:35,-08:00,2025-01-21T20:47:35-08:00,0,26
global.js,2,js,197661b7,pelicheng,2025-01-21,20:47:35,-08:00,2025-01-21T20:47:35-08:00,0,0
global.js,3,js,197661b7,pelicheng,2025-01-21,20:47:35,-08:00,2025-01-21T20:47:35-08:00,0,42
global.js,4,js,197661b7,pelicheng,2025-01-21,20:47:35,-08:00,2025-01-21T20:47:35-08:00,0,53
global.js,5,js,197661b7,pelicheng,2025-01-21,20:47:35,-08:00,2025-01-21T20:47:35-08:00,0,0
global.js,6,js,197661b7,pelicheng,2025-01-21,20:47:35,-08:00,2025-01-21T20:47:35-08:00,0,0
global.js,7,js,197661b7,pelicheng,2025-01-21,20:47:35,-08:00,2025-01-21T20:47:35-08:00,0,29
global.js,8,js,197661b7,pelicheng,2025-01-21,20:47:35,-08:00,2025-01-21T20:47:35-08:00,0,0
global.js,9,js,197661b7,pelicheng,2025-01-21,20:47:35,-08:00,2025-01-21T20:47:35-08:00,0,34
global.js,10,js,197661b7,pelicheng,2025-01-21,20:47:35,-08:00,2025-01-21T20:47:35-08:00,0,73
global.js,11,js,197661b7,pelicheng,2025-01-21,20:47:35,-08:00,2025-01-21T20:47:35-08:00,0,6
global.js,12,js,197661b7,pelicheng,2025-01-21,20:47:35,-08:00,2025-01-21T20:47:35-08:00,0,0
global.js,13,js,197661b7,pelicheng,2025-01-21,20:47:35,-08:00,2025-01-21T20:47:35-08:00,0,42
global.js,14,js,197661b7,pelicheng,2025-01-21,20:47:35,-08:00,2025-01-21T20:47:35-08:00,0,0
global.js,15,js,197661b7,pelicheng,2025-01-21,20:47:35,-08:00,2025-01-21T20:47:35-08:00,0,12
global.js,16,js,197661b7,pelicheng,2025-01-21,20:47:35,-08:00,2025-01-21T20:47:35-08:00,0,36
global.js,17,js,197661b7,pelicheng,2025-01-21,20:47:35,-08:00,2025-01-21T20:47:35-08:00,0,49
global.js,18,js,197661b7,pelicheng,2025-01-21,20:47:35,-08:00,2025-01-21T20:47:35-08:00,0,46
global.js,19,js,00000000,Not Committed Yet,2025-02-13,23:35:42,-08:00,2025-02-13T23:35:42-08:00,0,40
global.js,20,js,197661b7,pelicheng,2025-01-21,20:47:35,-08:00,2025-01-21T20:47:35-08:00,0,55
global.js,21,js,197661b7,pelicheng,2025-01-21,20:47:35,-08:00,2025-01-21T20:47:35-08:00,0,44
global.js,22,js,197661b7,pelicheng,2025-01-21,20:47:35,-08:00,2025-01-21T20:47:35-08:00,0,1
global.js,23,js,197661b7,pelicheng,2025-01-21,20:47:35,-08:00,2025-01-21T20:47:35-08:00,0,0
global.js,24,js,197661b7,pelicheng,2025-01-21,20:47:35,-08:00,2025-01-21T20:47:35-08:00,0,71
global.js,25,js,197661b7,pelicheng,2025-01-21,20:47:35,-08:00,2025-01-21T20:47:35-08:00,0,0
global.js,26,js,91037f3e,pelicheng,2025-02-03,18:30:46,-08:00,2025-02-03T18:30:46-08:00,0,113
global.js,27,js,91037f3e,pelicheng,2025-02-03,18:30:46,-08:00,2025-02-03T18:30:46-08:00,0,0
global.js,28,js,91037f3e,pelicheng,2025-02-03,18:30:46,-08:00,2025-02-03T18:30:46-08:00,0,43
global.js,29,js,91037f3e,pelicheng,2025-02-03,18:30:46,-08:00,2025-02-03T18:30:46-08:00,0,0
global.js,30,js,197661b7,pelicheng,2025-01-21,20:47:35,-08:00,2025-01-21T20:47:35-08:00,0,39
global.js,31,js,197661b7,pelicheng,2025-01-21,20:47:35,-08:00,2025-01-21T20:47:35-08:00,0,26
global.js,32,js,197661b7,pelicheng,2025-01-21,20:47:35,-08:00,2025-01-21T20:47:35-08:00,0,0
global.js,33,js,197661b7,pelicheng,2025-01-21,20:47:35,-08:00,2025-01-21T20:47:35-08:00,0,21
global.js,34,js,197661b7,pelicheng,2025-01-21,20:47:35,-08:00,2025-01-21T20:47:35-08:00,0,15
global.js,35,js,197661b7,pelicheng,2025-01-21,20:47:35,-08:00,2025-01-21T20:47:35-08:00,0,19
global.js,36,js,197661b7,pelicheng,2025-01-21,20:47:35,-08:00,2025-01-21T20:47:35-08:00,0,36
global.js,37,js,197661b7,pelicheng,2025-01-21,20:47:35,-08:00,2025-01-21T20:47:35-08:00,0,0
global.js,38,js,91037f3e,pelicheng,2025-02-03,18:30:46,-08:00,2025-02-03T18:30:46-08:00,0,68
global.js,39,js,91037f3e,pelicheng,2025-02-03,18:30:46,-08:00,2025-02-03T18:30:46-08:00,0,29
global.js,40,js,91037f3e,pelicheng,2025-02-03,18:30:46,-08:00,2025-02-03T18:30:46-08:00,0,26
global.js,41,js,91037f3e,pelicheng,2025-02-03,18:30:46,-08:00,2025-02-03T18:30:46-08:00,0,0
global.js,42,js,197661b7,pelicheng,2025-01-21,20:47:35,-08:00,2025-01-21T20:47:35-08:00,0,0
global.js,43,js,197661b7,pelicheng,2025-01-21,20:47:35,-08:00,2025-01-21T20:47:35-08:00,0,31
global.js,44,js,197661b7,pelicheng,2025-01-21,20:47:35,-08:00,2025-01-21T20:47:35-08:00,0,71
global.js,45,js,197661b7,pelicheng,2025-01-21,20:47:35,-08:00,2025-01-21T20:47:35-08:00,0,35
global.js,46,js,197661b7,pelicheng,2025-01-21,20:47:35,-08:00,2025-01-21T20:47:35-08:00,0,12
global.js,47,js,197661b7,pelicheng,2025-01-21,20:47:35,-08:00,2025-01-21T20:47:35-08:00,0,21
global.js,48,js,197661b7,pelicheng,2025-01-21,20:47:35,-08:00,2025-01-21T20:47:35-08:00,0,0
global.js,49,js,197661b7,pelicheng,2025-01-21,20:47:35,-08:00,2025-01-21T20:47:35-08:00,0,66
global.js,50,js,197661b7,pelicheng,2025-01-21,20:47:35,-08:00,2025-01-21T20:47:35-08:00,0,26
global.js,51,js,197661b7,pelicheng,2025-01-21,20:47:35,-08:00,2025-01-21T20:47:35-08:00,0,0
global.js,52,js,197661b7,pelicheng,2025-01-21,20:47:35,-08:00,2025-01-21T20:47:35-08:00,0,0
global.js,53,js,197661b7,pelicheng,2025-01-21,20:47:35,-08:00,2025-01-21T20:47:35-08:00,0,30
global.js,54,js,197661b7,pelicheng,2025-01-21,20:47:35,-08:00,2025-01-21T20:47:35-08:00,0,19
global.js,55,js,197661b7,pelicheng,2025-01-21,20:47:35,-08:00,2025-01-21T20:47:35-08:00,0,0
global.js,56,js,197661b7,pelicheng,2025-01-21,20:47:35,-08:00,2025-01-21T20:47:35-08:00,0,0
global.js,57,js,197661b7,pelicheng,2025-01-21,20:47:35,-08:00,2025-01-21T20:47:35-08:00,0,13
global.js,58,js,197661b7,pelicheng,2025-01-21,20:47:35,-08:00,2025-01-21T20:47:35-08:00,0,0
global.js,59,js,136cf018,pelicheng,2025-01-22,00:03:50,-08:00,2025-01-22T00:03:50-08:00,0,0
global.js,60,js,136cf018,pelicheng,2025-01-22,00:03:50,-08:00,2025-01-22T00:03:50-08:00,0,32
global.js,61,js,136cf018,pelicheng,2025-01-22,00:03:50,-08:00,2025-01-22T00:03:50-08:00,0,12
global.js,62,js,136cf018,pelicheng,2025-01-22,00:03:50,-08:00,2025-01-22T00:03:50-08:00,0,0
global.js,63,js,136cf018,pelicheng,2025-01-22,00:03:50,-08:00,2025-01-22T00:03:50-08:00,0,27
global.js,64,js,136cf018,pelicheng,2025-01-22,00:03:50,-08:00,2025-01-22T00:03:50-08:00,0,5
global.js,65,js,136cf018,pelicheng,2025-01-22,00:03:50,-08:00,2025-01-22T00:03:50-08:00,0,7
global.js,66,js,136cf018,pelicheng,2025-01-22,00:03:50,-08:00,2025-01-22T00:03:50-08:00,0,46
global.js,67,js,136cf018,pelicheng,2025-01-22,00:03:50,-08:00,2025-01-22T00:03:50-08:00,0,37
global.js,68,js,136cf018,pelicheng,2025-01-22,00:03:50,-08:00,2025-01-22T00:03:50-08:00,0,35
global.js,69,js,136cf018,pelicheng,2025-01-22,00:03:50,-08:00,2025-01-22T00:03:50-08:00,0,8
global.js,70,js,136cf018,pelicheng,2025-01-22,00:03:50,-08:00,2025-01-22T00:03:50-08:00,0,8
global.js,71,js,136cf018,pelicheng,2025-01-22,00:03:50,-08:00,2025-01-22T00:03:50-08:00,0,1
global.js,72,js,136cf018,pelicheng,2025-01-22,00:03:50,-08:00,2025-01-22T00:03:50-08:00,0,0
global.js,73,js,136cf018,pelicheng,2025-01-22,00:03:50,-08:00,2025-01-22T00:03:50-08:00,0,45
global.js,74,js,136cf018,pelicheng,2025-01-22,00:03:50,-08:00,2025-01-22T00:03:50-08:00,0,0
global.js,75,js,136cf018,pelicheng,2025-01-22,00:03:50,-08:00,2025-01-22T00:03:50-08:00,0,37
global.js,76,js,136cf018,pelicheng,2025-01-22,00:03:50,-08:00,2025-01-22T00:03:50-08:00,0,71
global.js,77,js,136cf018,pelicheng,2025-01-22,00:03:50,-08:00,2025-01-22T00:03:50-08:00,0,0
global.js,78,js,136cf018,pelicheng,2025-01-22,00:03:50,-08:00,2025-01-22T00:03:50-08:00,0,0
global.js,79,js,136cf018,pelicheng,2025-01-22,00:03:50,-08:00,2025-01-22T00:03:50-08:00,0,50
global.js,80,js,136cf018,pelicheng,2025-01-22,00:03:50,-08:00,2025-01-22T00:03:50-08:00,0,58
global.js,81,js,136cf018,pelicheng,2025-01-22,00:03:50,-08:00,2025-01-22T00:03:50-08:00,0,45
global.js,82,js,136cf018,pelicheng,2025-01-22,00:03:50,-08:00,2025-01-22T00:03:50-08:00,0,34
global.js,83,js,136cf018,pelicheng,2025-01-22,00:03:50,-08:00,2025-01-22T00:03:50-08:00,0,2
global.js,84,js,136cf018,pelicheng,2025-01-22,00:03:50,-08:00,2025-01-22T00:03:50-08:00,0,0
global.js,85,js,136cf018,pelicheng,2025-01-22,00:03:50,-08:00,2025-01-22T00:03:50-08:00,0,35
global.js,86,js,136cf018,pelicheng,2025-01-22,00:03:50,-08:00,2025-01-22T00:03:50-08:00,0,42
global.js,87,js,136cf018,pelicheng,2025-01-22,00:03:50,-08:00,2025-01-22T00:03:50-08:00,0,27
global.js,88,js,136cf018,pelicheng,2025-01-22,00:03:50,-08:00,2025-01-22T00:03:50-08:00,0,26
global.js,89,js,136cf018,pelicheng,2025-01-22,00:03:50,-08:00,2025-01-22T00:03:50-08:00,0,0
global.js,90,js,136cf018,pelicheng,2025-01-22,00:03:50,-08:00,2025-01-22T00:03:50-08:00,0,0
global.js,91,js,136cf018,pelicheng,2025-01-22,00:03:50,-08:00,2025-01-22T00:03:50-08:00,0,41
global.js,92,js,136cf018,pelicheng,2025-01-22,00:03:50,-08:00,2025-01-22T00:03:50-08:00,0,0
global.js,93,js,136cf018,pelicheng,2025-01-22,00:03:50,-08:00,2025-01-22T00:03:50-08:00,0,49
global.js,94,js,136cf018,pelicheng,2025-01-22,00:03:50,-08:00,2025-01-22T00:03:50-08:00,0,22
global.js,95,js,136cf018,pelicheng,2025-01-22,00:03:50,-08:00,2025-01-22T00:03:50-08:00,0,0
global.js,96,js,136cf018,pelicheng,2025-01-22,00:03:50,-08:00,2025-01-22T00:03:50-08:00,0,29
global.js,97,js,136cf018,pelicheng,2025-01-22,00:03:50,-08:00,2025-01-22T00:03:50-08:00,0,27
global.js,98,js,136cf018,pelicheng,2025-01-22,00:03:50,-08:00,2025-01-22T00:03:50-08:00,0,0
global.js,99,js,136cf018,pelicheng,2025-01-22,00:03:50,-08:00,2025-01-22T00:03:50-08:00,0,32
global.js,100,js,136cf018,pelicheng,2025-01-22,00:03:50,-08:00,2025-01-22T00:03:50-08:00,0,24
global.js,101,js,136cf018,pelicheng,2025-01-22,00:03:50,-08:00,2025-01-22T00:03:50-08:00,0,33
global.js,102,js,136cf018,pelicheng,2025-01-22,00:03:50,-08:00,2025-01-22T00:03:50-08:00,0,26
global.js,103,js,136cf018,pelicheng,2025-01-22,00:03:50,-08:00,2025-01-22T00:03:50-08:00,0,0
global.js,104,js,136cf018,pelicheng,2025-01-22,00:03:50,-08:00,2025-01-22T00:03:50-08:00,0,0
global.js,105,js,136cf018,pelicheng,2025-01-22,00:03:50,-08:00,2025-01-22T00:03:50-08:00,0,0
global.js,106,js,136cf018,pelicheng,2025-01-22,00:03:50,-08:00,2025-01-22T00:03:50-08:00,0,22
global.js,107,js,136cf018,pelicheng,2025-01-22,00:03:50,-08:00,2025-01-22T00:03:50-08:00,0,19
global.js,108,js,136cf018,pelicheng,2025-01-22,00:03:50,-08:00,2025-01-22T00:03:50-08:00,0,2
global.js,109,js,fac33c26,pelicheng,2025-01-31,00:46:59,-08:00,2025-01-31T00:46:59-08:00,0,0
global.js,110,js,fac33c26,pelicheng,2025-01-31,00:46:59,-08:00,2025-01-31T00:46:59-08:00,0,37
global.js,111,js,fac33c26,pelicheng,2025-01-31,00:46:59,-08:00,2025-01-31T00:46:59-08:00,0,4
global.js,112,js,fac33c26,pelicheng,2025-01-31,00:46:59,-08:00,2025-01-31T00:46:59-08:00,0,40
global.js,113,js,fac33c26,pelicheng,2025-01-31,00:46:59,-08:00,2025-01-31T00:46:59-08:00,0,33
global.js,114,js,fac33c26,pelicheng,2025-01-31,00:46:59,-08:00,2025-01-31T00:46:59-08:00,0,0
global.js,115,js,fac33c26,pelicheng,2025-01-31,00:46:59,-08:00,2025-01-31T00:46:59-08:00,0,21
global.js,116,js,fac33c26,pelicheng,2025-01-31,00:46:59,-08:00,2025-01-31T00:46:59-08:00,0,0
global.js,117,js,fac33c26,pelicheng,2025-01-31,00:46:59,-08:00,2025-01-31T00:46:59-08:00,0,18
global.js,118,js,fac33c26,pelicheng,2025-01-31,00:46:59,-08:00,2025-01-31T00:46:59-08:00,0,67
global.js,119,js,fac33c26,pelicheng,2025-01-31,00:46:59,-08:00,2025-01-31T00:46:59-08:00,0,0
global.js,120,js,fac33c26,pelicheng,2025-01-31,00:46:59,-08:00,2025-01-31T00:46:59-08:00,0,0
global.js,121,js,fac33c26,pelicheng,2025-01-31,00:46:59,-08:00,2025-01-31T00:46:59-08:00,0,34
global.js,122,js,fac33c26,pelicheng,2025-01-31,00:46:59,-08:00,2025-01-31T00:46:59-08:00,0,0
global.js,123,js,fac33c26,pelicheng,2025-01-31,00:46:59,-08:00,2025-01-31T00:46:59-08:00,0,17
global.js,124,js,fac33c26,pelicheng,2025-01-31,00:46:59,-08:00,2025-01-31T00:46:59-08:00,0,0
global.js,125,js,fac33c26,pelicheng,2025-01-31,00:46:59,-08:00,2025-01-31T00:46:59-08:00,0,11
global.js,126,js,fac33c26,pelicheng,2025-01-31,00:46:59,-08:00,2025-01-31T00:46:59-08:00,0,0
global.js,127,js,fac33c26,pelicheng,2025-01-31,00:46:59,-08:00,2025-01-31T00:46:59-08:00,0,16
global.js,128,js,fac33c26,pelicheng,2025-01-31,00:46:59,-08:00,2025-01-31T00:46:59-08:00,0,60
global.js,129,js,fac33c26,pelicheng,2025-01-31,00:46:59,-08:00,2025-01-31T00:46:59-08:00,0,0
global.js,130,js,fac33c26,pelicheng,2025-01-31,00:46:59,-08:00,2025-01-31T00:46:59-08:00,0,0
global.js,131,js,fac33c26,pelicheng,2025-01-31,00:46:59,-08:00,2025-01-31T00:46:59-08:00,0,0
global.js,132,js,fac33c26,pelicheng,2025-01-31,00:46:59,-08:00,2025-01-31T00:46:59-08:00,0,36
global.js,133,js,fac33c26,pelicheng,2025-01-31,00:46:59,-08:00,2025-01-31T00:46:59-08:00,0,0
global.js,134,js,fac33c26,pelicheng,2025-01-31,00:46:59,-08:00,2025-01-31T00:46:59-08:00,0,79
global.js,135,js,fac33c26,pelicheng,2025-01-31,00:46:59,-08:00,2025-01-31T00:46:59-08:00,0,24
global.js,136,js,fac33c26,pelicheng,2025-01-31,00:46:59,-08:00,2025-01-31T00:46:59-08:00,0,31
global.js,137,js,fac33c26,pelicheng,2025-01-31,00:46:59,-08:00,2025-01-31T00:46:59-08:00,0,0
global.js,138,js,fac33c26,pelicheng,2025-01-31,00:46:59,-08:00,2025-01-31T00:46:59-08:00,0,27
global.js,139,js,fac33c26,pelicheng,2025-01-31,00:46:59,-08:00,2025-01-31T00:46:59-08:00,0,49
global.js,140,js,fac33c26,pelicheng,2025-01-31,00:46:59,-08:00,2025-01-31T00:46:59-08:00,0,0
global.js,141,js,fac33c26,pelicheng,2025-01-31,00:46:59,-08:00,2025-01-31T00:46:59-08:00,0,20
global.js,142,js,fac33c26,pelicheng,2025-01-31,00:46:59,-08:00,2025-01-31T00:46:59-08:00,0,24
global.js,143,js,9c966056,pelicheng,2025-02-07,00:25:05,-08:00,2025-02-07T00:25:05-08:00,0,44
global.js,144,js,fac33c26,pelicheng,2025-01-31,00:46:59,-08:00,2025-01-31T00:46:59-08:00,0,50
global.js,145,js,fac33c26,pelicheng,2025-01-31,00:46:59,-08:00,2025-01-31T00:46:59-08:00,0,28
global.js,146,js,fac33c26,pelicheng,2025-01-31,00:46:59,-08:00,2025-01-31T00:46:59-08:00,0,1
global.js,147,js,fac33c26,pelicheng,2025-01-31,00:46:59,-08:00,2025-01-31T00:46:59-08:00,0,0
global.js,148,js,fac33c26,pelicheng,2025-01-31,00:46:59,-08:00,2025-01-31T00:46:59-08:00,0,37
global.js,149,js,fac33c26,pelicheng,2025-01-31,00:46:59,-08:00,2025-01-31T00:46:59-08:00,0,2
global.js,150,js,fac33c26,pelicheng,2025-01-31,00:46:59,-08:00,2025-01-31T00:46:59-08:00,0,0
global.js,151,js,fac33c26,pelicheng,2025-01-31,00:46:59,-08:00,2025-01-31T00:46:59-08:00,0,0
global.js,152,js,fac33c26,pelicheng,2025-01-31,00:46:59,-08:00,2025-01-31T00:46:59-08:00,0,48
global.js,153,js,fac33c26,pelicheng,2025-01-31,00:46:59,-08:00,2025-01-31T00:46:59-08:00,0,23
global.js,154,js,fac33c26,pelicheng,2025-01-31,00:46:59,-08:00,2025-01-31T00:46:59-08:00,0,60
global.js,155,js,fac33c26,pelicheng,2025-01-31,00:46:59,-08:00,2025-01-31T00:46:59-08:00,0,0
resume/resume.html,1,html,85ddde82,pelicheng,2025-01-10,01:51:49,-08:00,2025-01-10T01:51:49-08:00,0,14
resume/resume.html,2,html,85ddde82,pelicheng,2025-01-10,01:51:49,-08:00,2025-01-10T01:51:49-08:00,0,15
resume/resume.html,3,html,85ddde82,pelicheng,2025-01-10,01:51:49,-08:00,2025-01-10T01:51:49-08:00,0,5
resume/resume.html,4,html,85ddde82,pelicheng,2025-01-10,01:51:49,-08:00,2025-01-10T01:51:49-08:00,0,21
resume/resume.html,5,html,85ddde82,pelicheng,2025-01-10,01:51:49,-08:00,2025-01-10T01:51:49-08:00,0,69
resume/resume.html,6,html,85ddde82,pelicheng,2025-01-10,01:51:49,-08:00,2025-01-10T01:51:49-08:00,0,20
resume/resume.html,7,html,197661b7,pelicheng,2025-01-21,20:47:35,-08:00,2025-01-21T20:47:35-08:00,0,46
resume/resume.html,8,html,85ddde82,pelicheng,2025-01-10,01:51:49,-08:00,2025-01-10T01:51:49-08:00,0,6
resume/resume.html,9,html,85ddde82,pelicheng,2025-01-10,01:51:49,-08:00,2025-01-10T01:51:49-08:00,0,5
resume/resume.html,10,html,85ddde82,pelicheng,2025-01-10,01:51:49,-08:00,2025-01-10T01:51:49-08:00,0,0
resume/resume.html,11,html,85ddde82,pelicheng,2025-01-10,01:51:49,-08:00,2025-01-10T01:51:49-08:00,0,7
resume/resume.html,12,html,85ddde82,pelicheng,2025-01-10,01:51:49,-08:00,2025-01-10T01:51:49-08:00,0,21
resume/resume.html,13,html,85ddde82,pelicheng,2025-01-10,01:51:49,-08:00,2025-01-10T01:51:49-08:00,0,8
resume/resume.html,14,html,85ddde82,pelicheng,2025-01-10,01:51:49,-08:00,2025-01-10T01:51:49-08:00,0,0
resume/resume.html,15,html,4ab76075,pelicheng,2025-01-16,16:51:50,-08:00,2025-01-16T16:51:50-08:00,0,21
resume/resume.html,16,html,4ab76075,pelicheng,2025-01-16,16:51:50,-08:00,2025-01-16T16:51:50-08:00,0,23
resume/resume.html,17,html,4ab76075,pelicheng,2025-01-16,16:51:50,-08:00,2025-01-16T16:51:50-08:00,0,7
resume/resume.html,18,html,4ab76075,pelicheng,2025-01-16,16:51:50,-08:00,2025-01-16T16:51:50-08:00,0,16
resume/resume.html,19,html,4ab76075,pelicheng,2025-01-16,16:51:50,-08:00,2025-01-16T16:51:50-08:00,0,8
resume/resume.html,20,html,4ab76075,pelicheng,2025-01-16,16:51:50,-08:00,2025-01-16T16:51:50-08:00,0,30
resume/resume.html,21,html,4ab76075,pelicheng,2025-01-16,16:51:50,-08:00,2025-01-16T16:51:50-08:00,0,34
resume/resume.html,22,html,4ab76075,pelicheng,2025-01-16,16:51:50,-08:00,2025-01-16T16:51:50-08:00,0,30
resume/resume.html,23,html,4ab76075,pelicheng,2025-01-16,16:51:50,-08:00,2025-01-16T16:51:50-08:00,0,34
resume/resume.html,24,html,4ab76075,pelicheng,2025-01-16,16:51:50,-08:00,2025-01-16T16:51:50-08:00,0,9
resume/resume.html,25,html,4ab76075,pelicheng,2025-01-16,16:51:50,-08:00,2025-01-16T16:51:50-08:00,0,24
resume/resume.html,26,html,4ab76075,pelicheng,2025-01-16,16:51:50,-08:00,2025-01-16T16:51:50-08:00,0,7
resume/resume.html,27,html,4ab76075,pelicheng,2025-01-16,16:51:50,-08:00,2025-01-16T16:51:50-08:00,0,17
resume/resume.html,28,html,4ab76075,pelicheng,2025-01-16,16:51:50,-08:00,2025-01-16T16:51:50-08:00,0,8
resume/resume.html,29,html,4ab76075,pelicheng,2025-01-16,16:51:50,-08:00,2025-01-16T16:51:50-08:00,0,3
resume/resume.html,30,html,4ab76075,pelicheng,2025-01-16,16:51:50,-08:00,2025-01-16T16:51:50-08:00,0,3
resume/resume.html,31,html,4ab76075,pelicheng,2025-01-16,16:51:50,-08:00,2025-01-16T16:51:50-08:00,0,92
resume/resume.html,32,html,4ab76075,pelicheng,2025-01-16,16:51:50,-08:00,2025-01-16T16:51:50-08:00,0,42
resume/resume.html,33,html,4ab76075,pelicheng,2025-01-16,16:51:50,-08:00,2025-01-16T16:51:50-08:00,0,47
resume/resume.html,34,html,4ab76075,pelicheng,2025-01-16,16:51:50,-08:00,2025-01-16T16:51:50-08:00,0,4
resume/resume.html,35,html,4ab76075,pelicheng,2025-01-16,16:51:50,-08:00,2025-01-16T16:51:50-08:00,0,3
resume/resume.html,36,html,4ab76075,pelicheng,2025-01-16,16:51:50,-08:00,2025-01-16T16:51:50-08:00,0,75
resume/resume.html,37,html,4ab76075,pelicheng,2025-01-16,16:51:50,-08:00,2025-01-16T16:51:50-08:00,0,4
resume/resume.html,38,html,4ab76075,pelicheng,2025-01-16,16:51:50,-08:00,2025-01-16T16:51:50-08:00,0,4
resume/resume.html,39,html,4ab76075,pelicheng,2025-01-16,16:51:50,-08:00,2025-01-16T16:51:50-08:00,0,9
resume/resume.html,40,html,4ab76075,pelicheng,2025-01-16,16:51:50,-08:00,2025-01-16T16:51:50-08:00,0,23
resume/resume.html,41,html,4ab76075,pelicheng,2025-01-16,16:51:50,-08:00,2025-01-16T16:51:50-08:00,0,7
resume/resume.html,42,html,4ab76075,pelicheng,2025-01-16,16:51:50,-08:00,2025-01-16T16:51:50-08:00,0,14
resume/resume.html,43,html,4ab76075,pelicheng,2025-01-16,16:51:50,-08:00,2025-01-16T16:51:50-08:00,0,8
resume/resume.html,44,html,4ab76075,pelicheng,2025-01-16,16:51:50,-08:00,2025-01-16T16:51:50-08:00,0,45
resume/resume.html,45,html,4ab76075,pelicheng,2025-01-16,16:51:50,-08:00,2025-01-16T16:51:50-08:00,0,12
resume/resume.html,46,html,4ab76075,pelicheng,2025-01-16,16:51:50,-08:00,2025-01-16T16:51:50-08:00,0,10
resume/resume.html,47,html,4ab76075,pelicheng,2025-01-16,16:51:50,-08:00,2025-01-16T16:51:50-08:00,0,10
resume/resume.html,48,html,4ab76075,pelicheng,2025-01-16,16:51:50,-08:00,2025-01-16T16:51:50-08:00,0,9
resume/resume.html,49,html,4ab76075,pelicheng,2025-01-16,16:51:50,-08:00,2025-01-16T16:51:50-08:00,0,35
resume/resume.html,50,html,4ab76075,pelicheng,2025-01-16,16:51:50,-08:00,2025-01-16T16:51:50-08:00,0,21
resume/resume.html,51,html,4ab76075,pelicheng,2025-01-16,16:51:50,-08:00,2025-01-16T16:51:50-08:00,0,18
resume/resume.html,52,html,4ab76075,pelicheng,2025-01-16,16:51:50,-08:00,2025-01-16T16:51:50-08:00,0,25
resume/resume.html,53,html,4ab76075,pelicheng,2025-01-16,16:51:50,-08:00,2025-01-16T16:51:50-08:00,0,14
resume/resume.html,54,html,4ab76075,pelicheng,2025-01-16,16:51:50,-08:00,2025-01-16T16:51:50-08:00,0,9
resume/resume.html,55,html,4ab76075,pelicheng,2025-01-16,16:51:50,-08:00,2025-01-16T16:51:50-08:00,0,24
resume/resume.html,56,html,4ab76075,pelicheng,2025-01-16,16:51:50,-08:00,2025-01-16T16:51:50-08:00,0,7
resume/resume.html,57,html,4ab76075,pelicheng,2025-01-16,16:51:50,-08:00,2025-01-16T16:51:50-08:00,0,18
resume/resume.html,58,html,4ab76075,pelicheng,2025-01-16,16:51:50,-08:00,2025-01-16T16:51:50-08:00,0,8
resume/resume.html,59,html,4ab76075,pelicheng,2025-01-16,16:51:50,-08:00,2025-01-16T16:51:50-08:00,0,3
resume/resume.html,60,html,4ab76075,pelicheng,2025-01-16,16:51:50,-08:00,2025-01-16T16:51:50-08:00,0,3
resume/resume.html,61,html,4ab76075,pelicheng,2025-01-16,16:51:50,-08:00,2025-01-16T16:51:50-08:00,0,8
resume/resume.html,62,html,4ab76075,pelicheng,2025-01-16,16:51:50,-08:00,2025-01-16T16:51:50-08:00,0,7
resume/resume.html,63,html,4ab76075,pelicheng,2025-01-16,16:51:50,-08:00,2025-01-16T16:51:50-08:00,0,96
resume/resume.html,64,html,4ab76075,pelicheng,2025-01-16,16:51:50,-08:00,2025-01-16T16:51:50-08:00,0,8
resume/resume.html,65,html,4ab76075,pelicheng,2025-01-16,16:51:50,-08:00,2025-01-16T16:51:50-08:00,0,155
resume/resume.html,66,html,4ab76075,pelicheng,2025-01-16,16:51:50,-08:00,2025-01-16T16:51:50-08:00,0,9
resume/resume.html,67,html,4ab76075,pelicheng,2025-01-16,16:51:50,-08:00,2025-01-16T16:51:50-08:00,0,4
resume/resume.html,68,html,4ab76075,pelicheng,2025-01-16,16:51:50,-08:00,2025-01-16T16:51:50-08:00,0,3
resume/resume.html,69,html,4ab76075,pelicheng,2025-01-16,16:51:50,-08:00,2025-01-16T16:51:50-08:00,0,8
resume/resume.html,70,html,4ab76075,pelicheng,2025-01-16,16:51:50,-08:00,2025-01-16T16:51:50-08:00,0,7
resume/resume.html,71,html,4ab76075,pelicheng,2025-01-16,16:51:50,-08:00,2025-01-16T16:51:50-08:00,0,104
resume/resume.html,72,html,4ab76075,pelicheng,2025-01-16,16:51:50,-08:00,2025-01-16T16:51:50-08:00,0,8
resume/resume.html,73,html,4ab76075,pelicheng,2025-01-16,16:51:50,-08:00,2025-01-16T16:51:50-08:00,0,52
resume/resume.html,74,html,4ab76075,pelicheng,2025-01-16,16:51:50,-08:00,2025-01-16T16:51:50-08:00,0,9
resume/resume.html,75,html,4ab76075,pelicheng,2025-01-16,16:51:50,-08:00,2025-01-16T16:51:50-08:00,0,4
resume/resume.html,76,html,4ab76075,pelicheng,2025-01-16,16:51:50,-08:00,2025-01-16T16:51:50-08:00,0,3
resume/resume.html,77,html,4ab76075,pelicheng,2025-01-16,16:51:50,-08:00,2025-01-16T16:51:50-08:00,0,8
resume/resume.html,78,html,4ab76075,pelicheng,2025-01-16,16:51:50,-08:00,2025-01-16T16:51:50-08:00,0,7
resume/resume.html,79,html,4ab76075,pelicheng,2025-01-16,16:51:50,-08:00,2025-01-16T16:51:50-08:00,0,109
resume/resume.html,80,html,4ab76075,pelicheng,2025-01-16,16:51:50,-08:00,2025-01-16T16:51:50-08:00,0,8
resume/resume.html,81,html,4ab76075,pelicheng,2025-01-16,16:51:50,-08:00,2025-01-16T16:51:50-08:00,0,53
resume/resume.html,82,html,4ab76075,pelicheng,2025-01-16,16:51:50,-08:00,2025-01-16T16:51:50-08:00,0,9
resume/resume.html,83,html,4ab76075,pelicheng,2025-01-16,16:51:50,-08:00,2025-01-16T16:51:50-08:00,0,4
resume/resume.html,84,html,4ab76075,pelicheng,2025-01-16,16:51:50,-08:00,2025-01-16T16:51:50-08:00,0,4
resume/resume.html,85,html,4ab76075,pelicheng,2025-01-16,16:51:50,-08:00,2025-01-16T16:51:50-08:00,0,9
resume/resume.html,86,html,4ab76075,pelicheng,2025-01-16,16:51:50,-08:00,2025-01-16T16:51:50-08:00,0,0
resume/resume.html,87,html,4ab76075,pelicheng,2025-01-16,16:51:50,-08:00,2025-01-16T16:51:50-08:00,0,5
resume/resume.html,88,html,197661b7,pelicheng,2025-01-21,20:47:35,-08:00,2025-01-21T20:47:35-08:00,0,0
resume/resume.html,89,html,197661b7,pelicheng,2025-01-21,20:47:35,-08:00,2025-01-21T20:47:35-08:00,0,53
resume/resume.html,90,html,85ddde82,pelicheng,2025-01-10,01:51:49,-08:00,2025-01-10T01:51:49-08:00,0,6
resume/resume.html,91,html,85ddde82,pelicheng,2025-01-10,01:51:49,-08:00,2025-01-10T01:51:49-08:00,0,6
projects/projects.js,1,js,fac33c26,pelicheng,2025-01-31,00:46:59,-08:00,2025-01-31T00:46:59-08:00,0,56
projects/projects.js,2,js,9c966056,pelicheng,2025-02-07,00:25:05,-08:00,2025-02-07T00:25:05-08:00,0,64
projects/projects.js,3,js,fac33c26,pelicheng,2025-01-31,00:46:59,-08:00,2025-01-31T00:46:59-08:00,0,0
projects/projects.js,4,js,fac33c26,pelicheng,2025-01-31,00:46:59,-08:00,2025-01-31T00:46:59-08:00,0,56
projects/projects.js,5,js,fac33c26,pelicheng,2025-01-31,00:46:59,-08:00,2025-01-31T00:46:59-08:00,0,61
projects/projects.js,6,js,fac33c26,pelicheng,2025-01-31,00:46:59,-08:00,2025-01-31T00:46:59-08:00,0,0
projects/projects.js,7,js,fac33c26,pelicheng,2025-01-31,00:46:59,-08:00,2025-01-31T00:46:59-08:00,0,49
projects/projects.js,8,js,fac33c26,pelicheng,2025-01-31,00:46:59,-08:00,2025-01-31T00:46:59-08:00,0,0
projects/projects.js,9,js,fac33c26,pelicheng,2025-01-31,00:46:59,-08:00,2025-01-31T00:46:59-08:00,0,63
projects/projects.js,10,js,fac33c26,pelicheng,2025-01-31,00:46:59,-08:00,2025-01-31T00:46:59-08:00,0,19
projects/projects.js,11,js,fac33c26,pelicheng,2025-01-31,00:46:59,-08:00,2025-01-31T00:46:59-08:00,0,66
projects/projects.js,12,js,fac33c26,pelicheng,2025-01-31,00:46:59,-08:00,2025-01-31T00:46:59-08:00,0,57
projects/projects.js,13,js,fac33c26,pelicheng,2025-01-31,00:46:59,-08:00,2025-01-31T00:46:59-08:00,0,0
projects/projects.js,14,js,9c966056,pelicheng,2025-02-07,00:25:05,-08:00,2025-02-07T00:25:05-08:00,0,0
projects/projects.js,15,js,9c966056,pelicheng,2025-02-07,00:25:05,-08:00,2025-02-07T00:25:05-08:00,0,58
projects/projects.js,16,js,9c966056,pelicheng,2025-02-07,00:25:05,-08:00,2025-02-07T00:25:05-08:00,0,43
projects/projects.js,17,js,9c966056,pelicheng,2025-02-07,00:25:05,-08:00,2025-02-07T00:25:05-08:00,0,22
projects/projects.js,18,js,9c966056,pelicheng,2025-02-07,00:25:05,-08:00,2025-02-07T00:25:05-08:00,0,0
projects/projects.js,19,js,9c966056,pelicheng,2025-02-07,00:25:05,-08:00,2025-02-07T00:25:05-08:00,0,36
projects/projects.js,20,js,9c966056,pelicheng,2025-02-07,00:25:05,-08:00,2025-02-07T00:25:05-08:00,0,30
projects/projects.js,21,js,9c966056,pelicheng,2025-02-07,00:25:05,-08:00,2025-02-07T00:25:05-08:00,0,13
projects/projects.js,22,js,9c966056,pelicheng,2025-02-07,00:25:05,-08:00,2025-02-07T00:25:05-08:00,0,15
projects/projects.js,23,js,9c966056,pelicheng,2025-02-07,00:25:05,-08:00,2025-02-07T00:25:05-08:00,0,13
projects/projects.js,24,js,9c966056,pelicheng,2025-02-07,00:25:05,-08:00,2025-02-07T00:25:05-08:00,0,1
projects/projects.js,25,js,9c966056,pelicheng,2025-02-07,00:25:05,-08:00,2025-02-07T00:25:05-08:00,0,51
projects/projects.js,26,js,9c966056,pelicheng,2025-02-07,00:25:05,-08:00,2025-02-07T00:25:05-08:00,0,36
projects/projects.js,27,js,9c966056,pelicheng,2025-02-07,00:25:05,-08:00,2025-02-07T00:25:05-08:00,0,2
projects/projects.js,28,js,9c966056,pelicheng,2025-02-07,00:25:05,-08:00,2025-02-07T00:25:05-08:00,0,14
projects/projects.js,29,js,9c966056,pelicheng,2025-02-07,00:25:05,-08:00,2025-02-07T00:25:05-08:00,0,0
projects/projects.js,30,js,9c966056,pelicheng,2025-02-07,00:25:05,-08:00,2025-02-07T00:25:05-08:00,0,0
projects/projects.js,31,js,9c966056,pelicheng,2025-02-07,00:25:05,-08:00,2025-02-07T00:25:05-08:00,0,60
projects/projects.js,32,js,9c966056,pelicheng,2025-02-07,00:25:05,-08:00,2025-02-07T00:25:05-08:00,0,32
projects/projects.js,33,js,9c966056,pelicheng,2025-02-07,00:25:05,-08:00,2025-02-07T00:25:05-08:00,0,26
projects/projects.js,34,js,9c966056,pelicheng,2025-02-07,00:25:05,-08:00,2025-02-07T00:25:05-08:00,0,14
projects/projects.js,35,js,9c966056,pelicheng,2025-02-07,00:25:05,-08:00,2025-02-07T00:25:05-08:00,0,14
projects/projects.js,36,js,9c966056,pelicheng,2025-02-07,00:25:05,-08:00,2025-02-07T00:25:05-08:00,0,26
projects/projects.js,37,js,9c966056,pelicheng,2025-02-07,00:25:05,-08:00,2025-02-07T00:25:05-08:00,0,0
projects/projects.js,38,js,9c966056,pelicheng,2025-02-07,00:25:05,-08:00,2025-02-07T00:25:05-08:00,0,23
projects/projects.js,39,js,9c966056,pelicheng,2025-02-07,00:25:05,-08:00,2025-02-07T00:25:05-08:00,0,48
projects/projects.js,40,js,9c966056,pelicheng,2025-02-07,00:25:05,-08:00,2025-02-07T00:25:05-08:00,0,29
projects/projects.js,41,js,9c966056,pelicheng,2025-02-07,00:25:05,-08:00,2025-02-07T00:25:05-08:00,0,2
projects/projects.js,42,js,9c966056,pelicheng,2025-02-07,00:25:05,-08:00,2025-02-07T00:25:05-08:00,0,0
projects/projects.js,43,js,9c966056,pelicheng,2025-02-07,00:25:05,-08:00,2025-02-07T00:25:05-08:00,0,26
projects/projects.js,44,js,9c966056,pelicheng,2025-02-07,00:25:05,-08:00,2025-02-07T00:25:05-08:00,0,30
projects/projects.js,45,js,9c966056,pelicheng,2025-02-07,00:25:05,-08:00,2025-02-07T00:25:05-08:00,0,5
projects/projects.js,46,js,9c966056,pelicheng,2025-02-07,00:25:05,-08:00,2025-02-07T00:25:05-08:00,0,31
projects/projects.js,47,js,9c966056,pelicheng,2025-02-07,00:25:05,-08:00,2025-02-07T00:25:05-08:00,0,0
projects/projects.js,48,js,9c966056,pelicheng,2025-02-07,00:25:05,-08:00,2025-02-07T00:25:05-08:00,0,2
projects/projects.js,49,js,9c966056,pelicheng,2025-02-07,00:25:05,-08:00,2025-02-07T00:25:05-08:00,0,0
projects/projects.js,50,js,9c966056,pelicheng,2025-02-07,00:25:05,-08:00,2025-02-07T00:25:05-08:00,0,36
projects/projects.js,51,js,9c966056,pelicheng,2025-02-07,00:25:05,-08:00,2025-02-07T00:25:05-08:00,0,34
projects/projects.js,52,js,9c966056,pelicheng,2025-02-07,00:25:05,-08:00,2025-02-07T00:25:05-08:00,0,30
projects/projects.js,53,js,9c966056,pelicheng,2025-02-07,00:25:05,-08:00,2025-02-07T00:25:05-08:00,0,31
projects/projects.js,54,js,9c966056,pelicheng,2025-02-07,00:25:05,-08:00,2025-02-07T00:25:05-08:00,0,39
projects/projects.js,55,js,9c966056,pelicheng,2025-02-07,00:25:05,-08:00,2025-02-07T00:25:05-08:00,0,70
projects/projects.js,56,js,9c966056,pelicheng,2025-02-07,00:25:05,-08:00,2025-02-07T00:25:05-08:00,0,0
projects/projects.js,57,js,9c966056,pelicheng,2025-02-07,00:25:05,-08:00,2025-02-07T00:25:05-08:00,0,22
projects/projects.js,58,js,9c966056,pelicheng,2025-02-07,00:25:05,-08:00,2025-02-07T00:25:05-08:00,0,48
projects/projects.js,59,js,9c966056,pelicheng,2025-02-07,00:25:05,-08:00,2025-02-07T00:25:05-08:00,0,29
projects/projects.js,60,js,9c966056,pelicheng,2025-02-07,00:25:05,-08:00,2025-02-07T00:25:05-08:00,0,2
projects/projects.js,61,js,9c966056,pelicheng,2025-02-07,00:25:05,-08:00,2025-02-07T00:25:05-08:00,0,0
projects/projects.js,62,js,9c966056,pelicheng,2025-02-07,00:25:05,-08:00,2025-02-07T00:25:05-08:00,0,27
projects/projects.js,63,js,9c966056,pelicheng,2025-02-07,00:25:05,-08:00,2025-02-07T00:25:05-08:00,0,29
projects/projects.js,64,js,9c966056,pelicheng,2025-02-07,00:25:05,-08:00,2025-02-07T00:25:05-08:00,0,7
projects/projects.js,65,js,9c966056,pelicheng,2025-02-07,00:25:05,-08:00,2025-02-07T00:25:05-08:00,0,30
projects/projects.js,66,js,9c966056,pelicheng,2025-02-07,00:25:05,-08:00,2025-02-07T00:25:05-08:00,0,0
projects/projects.js,67,js,9c966056,pelicheng,2025-02-07,00:25:05,-08:00,2025-02-07T00:25:05-08:00,0,2
projects/projects.js,68,js,9c966056,pelicheng,2025-02-07,00:25:05,-08:00,2025-02-07T00:25:05-08:00,0,0
projects/projects.js,69,js,9c966056,pelicheng,2025-02-07,00:25:05,-08:00,2025-02-07T00:25:05-08:00,0,26
projects/projects.js,70,js,9c966056,pelicheng,2025-02-07,00:25:05,-08:00,2025-02-07T00:25:05-08:00,0,28
projects/projects.js,71,js,9c966056,pelicheng,2025-02-07,00:25:05,-08:00,2025-02-07T00:25:05-08:00,0,49
projects/projects.js,72,js,9c966056,pelicheng,2025-02-07,00:25:05,-08:00,2025-02-07T00:25:05-08:00,0,35
projects/projects.js,73,js,9c966056,pelicheng,2025-02-07,00:25:05,-08:00,2025-02-07T00:25:05-08:00,0,85
projects/projects.js,74,js,9c966056,pelicheng,2025-02-07,00:25:05,-08:00,2025-02-07T00:25:05-08:00,0,26
projects/projects.js,75,js,9c966056,pelicheng,2025-02-07,00:25:05,-08:00,2025-02-07T00:25:05-08:00,0,57
projects/projects.js,76,js,9c966056,pelicheng,2025-02-07,00:25:05,-08:00,2025-02-07T00:25:05-08:00,0,5
projects/projects.js,77,js,9c966056,pelicheng,2025-02-07,00:25:05,-08:00,2025-02-07T00:25:05-08:00,0,54
projects/projects.js,78,js,9c966056,pelicheng,2025-02-07,00:25:05,-08:00,2025-02-07T00:25:05-08:00,0,0
projects/projects.js,79,js,9c966056,pelicheng,2025-02-07,00:25:05,-08:00,2025-02-07T00:25:05-08:00,0,0
projects/projects.js,80,js,9c966056,pelicheng,2025-02-07,00:25:05,-08:00,2025-02-07T00:25:05-08:00,0,0
projects/projects.js,81,js,9c966056,pelicheng,2025-02-07,00:25:05,-08:00,2025-02-07T00:25:05-08:00,0,41
projects/projects.js,82,js,9c966056,pelicheng,2025-02-07,00:25:05,-08:00,2025-02-07T00:25:05-08:00,0,39
projects/projects.js,83,js,9c966056,pelicheng,2025-02-07,00:25:05,-08:00,2025-02-07T00:25:05-08:00,0,26
projects/projects.js,84,js,9c966056,pelicheng,2025-02-07,00:25:05,-08:00,2025-02-07T00:25:05-08:00,0,33
projects/projects.js,85,js,9c966056,pelicheng,2025-02-07,00:25:05,-08:00,2025-02-07T00:25:05-08:00,0,18
projects/projects.js,86,js,9c966056,pelicheng,2025-02-07,00:25:05,-08:00,2025-02-07T00:25:05-08:00,0,20
projects/projects.js,87,js,9c966056,pelicheng,2025-02-07,00:25:05,-08:00,2025-02-07T00:25:05-08:00,0,18
projects/projects.js,88,js,9c966056,pelicheng,2025-02-07,00:25:05,-08:00,2025-02-07T00:25:05-08:00,0,4
projects/projects.js,89,js,9c966056,pelicheng,2025-02-07,00:25:05,-08:00,2025-02-07T00:25:05-08:00,0,19
projects/projects.js,90,js,9c966056,pelicheng,2025-02-07,00:25:05,-08:00,2025-02-07T00:25:05-08:00,0,40
projects/projects.js,91,js,9c966056,pelicheng,2025-02-07,00:25:05,-08:00,2025-02-07T00:25:05-08:00,0,40
projects/projects.js,92,js,9c966056,pelicheng,2025-02-07,00:25:05,-08:00,2025-02-07T00:25:05-08:00,0,41
projects/projects.js,93,js,9c966056,pelicheng,2025-02-07,00:25:05,-08:00,2025-02-07T00:25:05-08:00,0,5
projects/projects.js,94,js,9c966056,pelicheng,2025-02-07,00:25:05,-08:00,2025-02-07T00:25:05-08:00,0,0
projects/projects.js,95,js,9c966056,pelicheng,2025-02-07,00:25:05,-08:00,2025-02-07T00:25:05-08:00,0,51
projects/projects.js,96,js,9c966056,pelicheng,2025-02-07,00:25:05,-08:00,2025-02-07T00:25:05-08:00,0,54
projects/projects.js,97,js,9c966056,pelicheng,2025-02-07,00:25:05,-08:00,2025-02-07T00:25:05-08:00,0,43
projects/projects.js,98,js,9c966056,pelicheng,2025-02-07,00:25:05,-08:00,2025-02-07T00:25:05-08:00,0,52
projects/projects.js,99,js,9c966056,pelicheng,2025-02-07,00:25:05,-08:00,2025-02-07T00:25:05-08:00,0,0
projects/projects.js,100,js,9c966056,pelicheng,2025-02-07,00:25:05,-08:00,2025-02-07T00:25:05-08:00,0,28
projects/projects.js,101,js,9c966056,pelicheng,2025-02-07,00:25:05,-08:00,2025-02-07T00:25:05-08:00,0,29
projects/projects.js,102,js,9c966056,pelicheng,2025-02-07,00:25:05,-08:00,2025-02-07T00:25:05-08:00,0,33
projects/projects.js,103,js,9c966056,pelicheng,2025-02-07,00:25:05,-08:00,2025-02-07T00:25:05-08:00,0,0
projects/projects.js,104,js,9c966056,pelicheng,2025-02-07,00:25:05,-08:00,2025-02-07T00:25:05-08:00,0,36
projects/projects.js,105,js,9c966056,pelicheng,2025-02-07,00:25:05,-08:00,2025-02-07T00:25:05-08:00,0,34
projects/projects.js,106,js,9c966056,pelicheng,2025-02-07,00:25:05,-08:00,2025-02-07T00:25:05-08:00,0,0
projects/projects.js,107,js,9c966056,pelicheng,2025-02-07,00:25:05,-08:00,2025-02-07T00:25:05-08:00,0,46
projects/projects.js,108,js,9c966056,pelicheng,2025-02-07,00:25:05,-08:00,2025-02-07T00:25:05-08:00,0,0
projects/projects.js,109,js,9c966056,pelicheng,2025-02-07,00:25:05,-08:00,2025-02-07T00:25:05-08:00,0,54
projects/projects.js,110,js,9c966056,pelicheng,2025-02-07,00:25:05,-08:00,2025-02-07T00:25:05-08:00,0,33
projects/projects.js,111,js,9c966056,pelicheng,2025-02-07,00:25:05,-08:00,2025-02-07T00:25:05-08:00,0,33
projects/projects.js,112,js,9c966056,pelicheng,2025-02-07,00:25:05,-08:00,2025-02-07T00:25:05-08:00,0,23
projects/projects.js,113,js,9c966056,pelicheng,2025-02-07,00:25:05,-08:00,2025-02-07T00:25:05-08:00,0,23
projects/projects.js,114,js,9c966056,pelicheng,2025-02-07,00:25:05,-08:00,2025-02-07T00:25:05-08:00,0,35
projects/projects.js,115,js,9c966056,pelicheng,2025-02-07,00:25:05,-08:00,2025-02-07T00:25:05-08:00,0,0
projects/projects.js,116,js,9c966056,pelicheng,2025-02-07,00:25:05,-08:00,2025-02-07T00:25:05-08:00,0,30
projects/projects.js,117,js,9c966056,pelicheng,2025-02-07,00:25:05,-08:00,2025-02-07T00:25:05-08:00,0,59
projects/projects.js,118,js,9c966056,pelicheng,2025-02-07,00:25:05,-08:00,2025-02-07T00:25:05-08:00,0,40
projects/projects.js,119,js,9c966056,pelicheng,2025-02-07,00:25:05,-08:00,2025-02-07T00:25:05-08:00,0,9
projects/projects.js,120,js,9c966056,pelicheng,2025-02-07,00:25:05,-08:00,2025-02-07T00:25:05-08:00,0,0
projects/projects.js,121,js,9c966056,pelicheng,2025-02-07,00:25:05,-08:00,2025-02-07T00:25:05-08:00,0,33
projects/projects.js,122,js,9c966056,pelicheng,2025-02-07,00:25:05,-08:00,2025-02-07T00:25:05-08:00,0,41
projects/projects.js,123,js,9c966056,pelicheng,2025-02-07,00:25:05,-08:00,2025-02-07T00:25:05-08:00,0,12
projects/projects.js,124,js,9c966056,pelicheng,2025-02-07,00:25:05,-08:00,2025-02-07T00:25:05-08:00,0,42
projects/projects.js,125,js,9c966056,pelicheng,2025-02-07,00:25:05,-08:00,2025-02-07T00:25:05-08:00,0,7
projects/projects.js,126,js,9c966056,pelicheng,2025-02-07,00:25:05,-08:00,2025-02-07T00:25:05-08:00,0,5
projects/projects.js,127,js,9c966056,pelicheng,2025-02-07,00:25:05,-08:00,2025-02-07T00:25:05-08:00,0,0
projects/projects.js,128,js,9c966056,pelicheng,2025-02-07,00:25:05,-08:00,2025-02-07T00:25:05-08:00,0,39
projects/projects.js,129,js,9c966056,pelicheng,2025-02-07,00:25:05,-08:00,2025-02-07T00:25:05-08:00,0,31
projects/projects.js,130,js,9c966056,pelicheng,2025-02-07,00:25:05,-08:00,2025-02-07T00:25:05-08:00,0,38
projects/projects.js,131,js,9c966056,pelicheng,2025-02-07,00:25:05,-08:00,2025-02-07T00:25:05-08:00,0,50
projects/projects.js,132,js,9c966056,pelicheng,2025-02-07,00:25:05,-08:00,2025-02-07T00:25:05-08:00,0,81
projects/projects.js,133,js,9c966056,pelicheng,2025-02-07,00:25:05,-08:00,2025-02-07T00:25:05-08:00,0,0
projects/projects.js,134,js,9c966056,pelicheng,2025-02-07,00:25:05,-08:00,2025-02-07T00:25:05-08:00,0,29
projects/projects.js,135,js,9c966056,pelicheng,2025-02-07,00:25:05,-08:00,2025-02-07T00:25:05-08:00,0,59
projects/projects.js,136,js,9c966056,pelicheng,2025-02-07,00:25:05,-08:00,2025-02-07T00:25:05-08:00,0,40
projects/projects.js,137,js,9c966056,pelicheng,2025-02-07,00:25:05,-08:00,2025-02-07T00:25:05-08:00,0,9
projects/projects.js,138,js,9c966056,pelicheng,2025-02-07,00:25:05,-08:00,2025-02-07T00:25:05-08:00,0,0
projects/projects.js,139,js,9c966056,pelicheng,2025-02-07,00:25:05,-08:00,2025-02-07T00:25:05-08:00,0,34
projects/projects.js,140,js,9c966056,pelicheng,2025-02-07,00:25:05,-08:00,2025-02-07T00:25:05-08:00,0,40
projects/projects.js,141,js,9c966056,pelicheng,2025-02-07,00:25:05,-08:00,2025-02-07T00:25:05-08:00,0,14
projects/projects.js,142,js,9c966056,pelicheng,2025-02-07,00:25:05,-08:00,2025-02-07T00:25:05-08:00,0,41
projects/projects.js,143,js,9c966056,pelicheng,2025-02-07,00:25:05,-08:00,2025-02-07T00:25:05-08:00,0,7
projects/projects.js,144,js,9c966056,pelicheng,2025-02-07,00:25:05,-08:00,2025-02-07T00:25:05-08:00,0,5
projects/projects.js,145,js,9c966056,pelicheng,2025-02-07,00:25:05,-08:00,2025-02-07T00:25:05-08:00,0,0
projects/projects.js,146,js,9c966056,pelicheng,2025-02-07,00:25:05,-08:00,2025-02-07T00:25:05-08:00,0,29
projects/projects.js,147,js,9c966056,pelicheng,2025-02-07,00:25:05,-08:00,2025-02-07T00:25:05-08:00,0,35
projects/projects.js,148,js,9c966056,pelicheng,2025-02-07,00:25:05,-08:00,2025-02-07T00:25:05-08:00,0,54
projects/projects.js,149,js,9c966056,pelicheng,2025-02-07,00:25:05,-08:00,2025-02-07T00:25:05-08:00,0,42
projects/projects.js,150,js,9c966056,pelicheng,2025-02-07,00:25:05,-08:00,2025-02-07T00:25:05-08:00,0,92
projects/projects.js,151,js,9c966056,pelicheng,2025-02-07,00:25:05,-08:00,2025-02-07T00:25:05-08:00,0,33
projects/projects.js,152,js,9c966056,pelicheng,2025-02-07,00:25:05,-08:00,2025-02-07T00:25:05-08:00,0,64
projects/projects.js,153,js,9c966056,pelicheng,2025-02-07,00:25:05,-08:00,2025-02-07T00:25:05-08:00,0,8
projects/projects.js,154,js,9c966056,pelicheng,2025-02-07,00:25:05,-08:00,2025-02-07T00:25:05-08:00,0,61
projects/projects.js,155,js,9c966056,pelicheng,2025-02-07,00:25:05,-08:00,2025-02-07T00:25:05-08:00,0,3
projects/projects.js,156,js,9c966056,pelicheng,2025-02-07,00:25:05,-08:00,2025-02-07T00:25:05-08:00,0,0
projects/projects.js,157,js,9c966056,pelicheng,2025-02-07,00:25:05,-08:00,2025-02-07T00:25:05-08:00,0,0
projects/projects.js,158,js,9c966056,pelicheng,2025-02-07,00:25:05,-08:00,2025-02-07T00:25:05-08:00,0,33
projects/projects.js,159,js,9c966056,pelicheng,2025-02-07,00:25:05,-08:00,2025-02-07T00:25:05-08:00,0,24
projects/projects.js,160,js,9c966056,pelicheng,2025-02-07,00:25:05,-08:00,2025-02-07T00:25:05-08:00,0,0
projects/projects.js,161,js,9c966056,pelicheng,2025-02-07,00:25:05,-08:00,2025-02-07T00:25:05-08:00,0,14
projects/projects.js,162,js,9c966056,pelicheng,2025-02-07,00:25:05,-08:00,2025-02-07T00:25:05-08:00,0,54
projects/projects.js,163,js,9c966056,pelicheng,2025-02-07,00:25:05,-08:00,2025-02-07T00:25:05-08:00,0,0
projects/projects.js,164,js,9c966056,pelicheng,2025-02-07,00:25:05,-08:00,2025-02-07T00:25:05-08:00,0,25
projects/projects.js,165,js,9c966056,pelicheng,2025-02-07,00:25:05,-08:00,2025-02-07T00:25:05-08:00,0,36
projects/projects.js,166,js,9c966056,pelicheng,2025-02-07,00:25:05,-08:00,2025-02-07T00:25:05-08:00,0,59
projects/projects.js,167,js,9c966056,pelicheng,2025-02-07,00:25:05,-08:00,2025-02-07T00:25:05-08:00,0,43
projects/projects.js,168,js,9c966056,pelicheng,2025-02-07,00:25:05,-08:00,2025-02-07T00:25:05-08:00,0,2
projects/projects.js,169,js,9c966056,pelicheng,2025-02-07,00:25:05,-08:00,2025-02-07T00:25:05-08:00,0,0
projects/projects.js,170,js,9c966056,pelicheng,2025-02-07,00:25:05,-08:00,2025-02-07T00:25:05-08:00,0,0
projects/projects.js,171,js,9c966056,pelicheng,2025-02-07,00:25:05,-08:00,2025-02-07T00:25:05-08:00,0,49
projects/projects.js,172,js,9c966056,pelicheng,2025-02-07,00:25:05,-08:00,2025-02-07T00:25:05-08:00,0,26
projects/projects.js,173,js,9c966056,pelicheng,2025-02-07,00:25:05,-08:00,2025-02-07T00:25:05-08:00,0,0
projects/projects.js,174,js,9c966056,pelicheng,2025-02-07,00:25:05,-08:00,2025-02-07T00:25:05-08:00,0,51
projects/projects.js,175,js,9c966056,pelicheng,2025-02-07,00:25:05,-08:00,2025-02-07T00:25:05-08:00,0,0
projects/projects.js,176,js,9c966056,pelicheng,2025-02-07,00:25:05,-08:00,2025-02-07T00:25:05-08:00,0,53
projects/projects.js,177,js,9c966056,pelicheng,2025-02-07,00:25:05,-08:00,2025-02-07T00:25:05-08:00,0,57
projects/projects.js,178,js,9c966056,pelicheng,2025-02-07,00:25:05,-08:00,2025-02-07T00:25:05-08:00,0,32
projects/projects.js,179,js,9c966056,pelicheng,2025-02-07,00:25:05,-08:00,2025-02-07T00:25:05-08:00,0,2
projects/projects.js,180,js,9c966056,pelicheng,2025-02-07,00:25:05,-08:00,2025-02-07T00:25:05-08:00,0,0
projects/projects.js,181,js,9c966056,pelicheng,2025-02-07,00:25:05,-08:00,2025-02-07T00:25:05-08:00,0,30
projects/projects.js,182,js,9c966056,pelicheng,2025-02-07,00:25:05,-08:00,2025-02-07T00:25:05-08:00,0,15
projects/projects.js,183,js,9c966056,pelicheng,2025-02-07,00:25:05,-08:00,2025-02-07T00:25:05-08:00,0,22
projects/projects.js,184,js,9c966056,pelicheng,2025-02-07,00:25:05,-08:00,2025-02-07T00:25:05-08:00,0,20
projects/projects.js,185,js,9c966056,pelicheng,2025-02-07,00:25:05,-08:00,2025-02-07T00:25:05-08:00,0,4
projects/projects.js,186,js,9c966056,pelicheng,2025-02-07,00:25:05,-08:00,2025-02-07T00:25:05-08:00,0,0
projects/projects.js,187,js,9c966056,pelicheng,2025-02-07,00:25:05,-08:00,2025-02-07T00:25:05-08:00,0,48
projects/projects.js,188,js,9c966056,pelicheng,2025-02-07,00:25:05,-08:00,2025-02-07T00:25:05-08:00,0,43
projects/projects.js,189,js,9c966056,pelicheng,2025-02-07,00:25:05,-08:00,2025-02-07T00:25:05-08:00,0,5
projects/projects.js,190,js,9c966056,pelicheng,2025-02-07,00:25:05,-08:00,2025-02-07T00:25:05-08:00,0,0
projects/projects.js,191,js,9c966056,pelicheng,2025-02-07,00:25:05,-08:00,2025-02-07T00:25:05-08:00,0,26
projects/projects.js,192,js,9c966056,pelicheng,2025-02-07,00:25:05,-08:00,2025-02-07T00:25:05-08:00,0,20
projects/projects.js,193,js,9c966056,pelicheng,2025-02-07,00:25:05,-08:00,2025-02-07T00:25:05-08:00,0,28
projects/projects.js,194,js,9c966056,pelicheng,2025-02-07,00:25:05,-08:00,2025-02-07T00:25:05-08:00,0,5
projects/projects.js,195,js,9c966056,pelicheng,2025-02-07,00:25:05,-08:00,2025-02-07T00:25:05-08:00,0,0
projects/projects.js,196,js,9c966056,pelicheng,2025-02-07,00:25:05,-08:00,2025-02-07T00:25:05-08:00,0,69
projects/projects.js,197,js,9c966056,pelicheng,2025-02-07,00:25:05,-08:00,2025-02-07T00:25:05-08:00,0,0
projects/projects.js,198,js,9c966056,pelicheng,2025-02-07,00:25:05,-08:00,2025-02-07T00:25:05-08:00,0,20
projects/projects.js,199,js,9c966056,pelicheng,2025-02-07,00:25:05,-08:00,2025-02-07T00:25:05-08:00,0,16
projects/projects.js,200,js,9c966056,pelicheng,2025-02-07,00:25:05,-08:00,2025-02-07T00:25:05-08:00,0,0
projects/projects.js,201,js,9c966056,pelicheng,2025-02-07,00:25:05,-08:00,2025-02-07T00:25:05-08:00,0,23
projects/projects.js,202,js,9c966056,pelicheng,2025-02-07,00:25:05,-08:00,2025-02-07T00:25:05-08:00,0,15
projects/projects.js,203,js,9c966056,pelicheng,2025-02-07,00:25:05,-08:00,2025-02-07T00:25:05-08:00,0,3
projects/projects.js,204,js,9c966056,pelicheng,2025-02-07,00:25:05,-08:00,2025-02-07T00:25:05-08:00,0,0
projects/projects.js,205,js,9c966056,pelicheng,2025-02-07,00:25:05,-08:00,2025-02-07T00:25:05-08:00,0,16
projects/projects.js,206,js,9c966056,pelicheng,2025-02-07,00:25:05,-08:00,2025-02-07T00:25:05-08:00,0,19
projects/projects.js,207,js,9c966056,pelicheng,2025-02-07,00:25:05,-08:00,2025-02-07T00:25:05-08:00,0,0
projects/projects.js,208,js,9c966056,pelicheng,2025-02-07,00:25:05,-08:00,2025-02-07T00:25:05-08:00,0,23
projects/projects.js,209,js,9c966056,pelicheng,2025-02-07,00:25:05,-08:00,2025-02-07T00:25:05-08:00,0,53
projects/projects.js,210,js,9c966056,pelicheng,2025-02-07,00:25:05,-08:00,2025-02-07T00:25:05-08:00,0,50
projects/projects.js,211,js,9c966056,pelicheng,2025-02-07,00:25:05,-08:00,2025-02-07T00:25:05-08:00,0,21
projects/projects.js,212,js,9c966056,pelicheng,2025-02-07,00:25:05,-08:00,2025-02-07T00:25:05-08:00,0,3
projects/projects.js,213,js,9c966056,pelicheng,2025-02-07,00:25:05,-08:00,2025-02-07T00:25:05-08:00,0,20
projects/projects.js,214,js,9c966056,pelicheng,2025-02-07,00:25:05,-08:00,2025-02-07T00:25:05-08:00,0,32
projects/projects.js,215,js,9c966056,pelicheng,2025-02-07,00:25:05,-08:00,2025-02-07T00:25:05-08:00,0,14
projects/projects.js,216,js,9c966056,pelicheng,2025-02-07,00:25:05,-08:00,2025-02-07T00:25:05-08:00,0,36
projects/projects.js,217,js,9c966056,pelicheng,2025-02-07,00:25:05,-08:00,2025-02-07T00:25:05-08:00,0,37
projects/projects.js,218,js,9c966056,pelicheng,2025-02-07,00:25:05,-08:00,2025-02-07T00:25:05-08:00,0,36
projects/projects.js,219,js,9c966056,pelicheng,2025-02-07,00:25:05,-08:00,2025-02-07T00:25:05-08:00,0,35
projects/projects.js,220,js,9c966056,pelicheng,2025-02-07,00:25:05,-08:00,2025-02-07T00:25:05-08:00,0,35
projects/projects.js,221,js,9c966056,pelicheng,2025-02-07,00:25:05,-08:00,2025-02-07T00:25:05-08:00,0,38
projects/projects.js,222,js,9c966056,pelicheng,2025-02-07,00:25:05,-08:00,2025-02-07T00:25:05-08:00,0,6
projects/projects.js,223,js,9c966056,pelicheng,2025-02-07,00:25:05,-08:00,2025-02-07T00:25:05-08:00,0,32
projects/projects.js,224,js,9c966056,pelicheng,2025-02-07,00:25:05,-08:00,2025-02-07T00:25:05-08:00,0,54
projects/projects.js,225,js,9c966056,pelicheng,2025-02-07,00:25:05,-08:00,2025-02-07T00:25:05-08:00,0,37
projects/projects.js,226,js,9c966056,pelicheng,2025-02-07,00:25:05,-08:00,2025-02-07T00:25:05-08:00,0,49
projects/projects.js,227,js,9c966056,pelicheng,2025-02-07,00:25:05,-08:00,2025-02-07T00:25:05-08:00,0,0
projects/projects.js,228,js,9c966056,pelicheng,2025-02-07,00:25:05,-08:00,2025-02-07T00:25:05-08:00,0,34
projects/projects.js,229,js,9c966056,pelicheng,2025-02-07,00:25:05,-08:00,2025-02-07T00:25:05-08:00,0,0
projects/projects.js,230,js,9c966056,pelicheng,2025-02-07,00:25:05,-08:00,2025-02-07T00:25:05-08:00,0,30
projects/projects.js,231,js,9c966056,pelicheng,2025-02-07,00:25:05,-08:00,2025-02-07T00:25:05-08:00,0,22
projects/projects.js,232,js,9c966056,pelicheng,2025-02-07,00:25:05,-08:00,2025-02-07T00:25:05-08:00,0,23
projects/projects.js,233,js,9c966056,pelicheng,2025-02-07,00:25:05,-08:00,2025-02-07T00:25:05-08:00,0,23
projects/projects.js,234,js,9c966056,pelicheng,2025-02-07,00:25:05,-08:00,2025-02-07T00:25:05-08:00,0,35
projects/projects.js,235,js,9c966056,pelicheng,2025-02-07,00:25:05,-08:00,2025-02-07T00:25:05-08:00,0,5
projects/projects.js,236,js,9c966056,pelicheng,2025-02-07,00:25:05,-08:00,2025-02-07T00:25:05-08:00,0,0
projects/projects.js,237,js,9c966056,pelicheng,2025-02-07,00:25:05,-08:00,2025-02-07T00:25:05-08:00,0,36
projects/projects.js,238,js,9c966056,pelicheng,2025-02-07,00:25:05,-08:00,2025-02-07T00:25:05-08:00,0,28
projects/projects.js,239,js,9c966056,pelicheng,2025-02-07,00:25:05,-08:00,2025-02-07T00:25:05-08:00,0,25
projects/projects.js,240,js,9c966056,pelicheng,2025-02-07,00:25:05,-08:00,2025-02-07T00:25:05-08:00,0,107
projects/projects.js,241,js,9c966056,pelicheng,2025-02-07,00:25:05,-08:00,2025-02-07T00:25:05-08:00,0,113
projects/projects.js,242,js,9c966056,pelicheng,2025-02-07,00:25:05,-08:00,2025-02-07T00:25:05-08:00,0,5
projects/projects.js,243,js,9c966056,pelicheng,2025-02-07,00:25:05,-08:00,2025-02-07T00:25:05-08:00,0,0
projects/projects.js,244,js,9c966056,pelicheng,2025-02-07,00:25:05,-08:00,2025-02-07T00:25:05-08:00,0,17
projects/projects.js,245,js,9c966056,pelicheng,2025-02-07,00:25:05,-08:00,2025-02-07T00:25:05-08:00,0,57
projects/projects.js,246,js,9c966056,pelicheng,2025-02-07,00:25:05,-08:00,2025-02-07T00:25:05-08:00,0,0
projects/projects.js,247,js,9c966056,pelicheng,2025-02-07,00:25:05,-08:00,2025-02-07T00:25:05-08:00,0,53
projects/projects.js,248,js,9c966056,pelicheng,2025-02-07,00:25:05,-08:00,2025-02-07T00:25:05-08:00,0,25
projects/projects.js,249,js,9c966056,pelicheng,2025-02-07,00:25:05,-08:00,2025-02-07T00:25:05-08:00,0,31
projects/projects.js,250,js,9c966056,pelicheng,2025-02-07,00:25:05,-08:00,2025-02-07T00:25:05-08:00,0,32
projects/projects.js,251,js,9c966056,pelicheng,2025-02-07,00:25:05,-08:00,2025-02-07T00:25:05-08:00,0,57
projects/projects.js,252,js,9c966056,pelicheng,2025-02-07,00:25:05,-08:00,2025-02-07T00:25:05-08:00,0,67
projects/projects.js,253,js,9c966056,pelicheng,2025-02-07,00:25:05,-08:00,2025-02-07T00:25:05-08:00,0,50
projects/projects.js,254,js,9c966056,pelicheng,2025-02-07,00:25:05,-08:00,2025-02-07T00:25:05-08:00,0,7
projects/projects.js,255,js,9c966056,pelicheng,2025-02-07,00:25:05,-08:00,2025-02-07T00:25:05-08:00,0,37
projects/projects.js,256,js,9c966056,pelicheng,2025-02-07,00:25:05,-08:00,2025-02-07T00:25:05-08:00,0,62
projects/projects.js,257,js,9c966056,pelicheng,2025-02-07,00:25:05,-08:00,2025-02-07T00:25:05-08:00,0,0
projects/projects.js,258,js,9c966056,pelicheng,2025-02-07,00:25:05,-08:00,2025-02-07T00:25:05-08:00,0,37
projects/projects.js,259,js,9c966056,pelicheng,2025-02-07,00:25:05,-08:00,2025-02-07T00:25:05-08:00,0,5
projects/projects.js,260,js,9c966056,pelicheng,2025-02-07,00:25:05,-08:00,2025-02-07T00:25:05-08:00,0,0
projects/index.html,1,html,85ddde82,pelicheng,2025-01-10,01:51:49,-08:00,2025-01-10T01:51:49-08:00,0,14
projects/index.html,2,html,85ddde82,pelicheng,2025-01-10,01:51:49,-08:00,2025-01-10T01:51:49-08:00,0,15
projects/index.html,3,html,85ddde82,pelicheng,2025-01-10,01:51:49,-08:00,2025-01-10T01:51:49-08:00,0,5
projects/index.html,4,html,85ddde82,pelicheng,2025-01-10,01:51:49,-08:00,2025-01-10T01:51:49-08:00,0,21
projects/index.html,5,html,85ddde82,pelicheng,2025-01-10,01:51:49,-08:00,2025-01-10T01:51:49-08:00,0,69
projects/index.html,6,html,85ddde82,pelicheng,2025-01-10,01:51:49,-08:00,2025-01-10T01:51:49-08:00,0,22
projects/index.html,7,html,4ab76075,pelicheng,2025-01-16,16:51:50,-08:00,2025-01-16T16:51:50-08:00,0,46
projects/index.html,8,html,85ddde82,pelicheng,2025-01-10,01:51:49,-08:00,2025-01-10T01:51:49-08:00,0,6
projects/index.html,9,html,85ddde82,pelicheng,2025-01-10,01:51:49,-08:00,2025-01-10T01:51:49-08:00,0,5
projects/index.html,10,html,4ab76075,pelicheng,2025-01-16,16:51:50,-08:00,2025-01-16T16:51:50-08:00,0,0
projects/index.html,11,html,fac33c26,pelicheng,2025-01-31,00:46:59,-08:00,2025-01-31T00:46:59-08:00,0,41
projects/index.html,12,html,197661b7,pelicheng,2025-01-21,20:47:35,-08:00,2025-01-21T20:47:35-08:00,0,0
projects/index.html,13,html,9c966056,pelicheng,2025-02-07,00:25:05,-08:00,2025-02-07T00:25:05-08:00,0,24
projects/index.html,14,html,9c966056,pelicheng,2025-02-07,00:25:05,-08:00,2025-02-07T00:25:05-08:00,0,55
projects/index.html,15,html,9c966056,pelicheng,2025-02-07,00:25:05,-08:00,2025-02-07T00:25:05-08:00,0,50
projects/index.html,16,html,9c966056,pelicheng,2025-02-07,00:25:05,-08:00,2025-02-07T00:25:05-08:00,0,78
projects/index.html,17,html,9c966056,pelicheng,2025-02-07,00:25:05,-08:00,2025-02-07T00:25:05-08:00,0,5
projects/index.html,18,html,9c966056,pelicheng,2025-02-07,00:25:05,-08:00,2025-02-07T00:25:05-08:00,0,23
projects/index.html,19,html,9c966056,pelicheng,2025-02-07,00:25:05,-08:00,2025-02-07T00:25:05-08:00,0,5
projects/index.html,20,html,9c966056,pelicheng,2025-02-07,00:25:05,-08:00,2025-02-07T00:25:05-08:00,0,0
projects/index.html,21,html,9c966056,pelicheng,2025-02-07,00:25:05,-08:00,2025-02-07T00:25:05-08:00,0,5
projects/index.html,22,html,9c966056,pelicheng,2025-02-07,00:25:05,-08:00,2025-02-07T00:25:05-08:00,0,16
projects/index.html,23,html,9c966056,pelicheng,2025-02-07,00:25:05,-08:00,2025-02-07T00:25:05-08:00,0,12
projects/index.html,24,html,9c966056,pelicheng,2025-02-07,00:25:05,-08:00,2025-02-07T00:25:05-08:00,0,27
projects/index.html,25,html,9c966056,pelicheng,2025-02-07,00:25:05,-08:00,2025-02-07T00:25:05-08:00,0,32
projects/index.html,26,html,9c966056,pelicheng,2025-02-07,00:25:05,-08:00,2025-02-07T00:25:05-08:00,0,1
projects/index.html,27,html,9c966056,pelicheng,2025-02-07,00:25:05,-08:00,2025-02-07T00:25:05-08:00,0,0
projects/index.html,28,html,4ab76075,pelicheng,2025-01-16,16:51:50,-08:00,2025-01-16T16:51:50-08:00,0,21
projects/index.html,29,html,fac33c26,pelicheng,2025-01-31,00:46:59,-08:00,2025-01-31T00:46:59-08:00,0,13
projects/index.html,30,html,4ab76075,pelicheng,2025-01-16,16:51:50,-08:00,2025-01-16T16:51:50-08:00,0,30
projects/index.html,31,html,4ab76075,pelicheng,2025-01-16,16:51:50,-08:00,2025-01-16T16:51:50-08:00,0,71
projects/index.html,32,html,4ab76075,pelicheng,2025-01-16,16:51:50,-08:00,2025-01-16T16:51:50-08:00,0,220
projects/index.html,33,html,4ab76075,pelicheng,2025-01-16,16:51:50,-08:00,2025-01-16T16:51:50-08:00,0,9
projects/index.html,34,html,4ab76075,pelicheng,2025-01-16,16:51:50,-08:00,2025-01-16T16:51:50-08:00,0,8
projects/index.html,35,html,4ab76075,pelicheng,2025-01-16,16:51:50,-08:00,2025-01-16T16:51:50-08:00,0,50
projects/index.html,36,html,4ab76075,pelicheng,2025-01-16,16:51:50,-08:00,2025-01-16T16:51:50-08:00,0,71
projects/index.html,37,html,4ab76075,pelicheng,2025-01-16,16:51:50,-08:00,2025-01-16T16:51:50-08:00,0,247
projects/index.html,38,html,4ab76075,pelicheng,2025-01-16,16:51:50,-08:00,2025-01-16T16:51:50-08:00,0,9
projects/index.html,39,html,4ab76075,pelicheng,2025-01-16,16:51:50,-08:00,2025-01-16T16:51:50-08:00,0,8
projects/index.html,40,html,4ab76075,pelicheng,2025-01-16,16:51:50,-08:00,2025-01-16T16:51:50-08:00,0,52
projects/index.html,41,html,4ab76075,pelicheng,2025-01-16,16:51:50,-08:00,2025-01-16T16:51:50-08:00,0,71
projects/index.html,42,html,4ab76075,pelicheng,2025-01-16,16:51:50,-08:00,2025-01-16T16:51:50-08:00,0,251
projects/index.html,43,html,4ab76075,pelicheng,2025-01-16,16:51:50,-08:00,2025-01-16T16:51:50-08:00,0,9
projects/index.html,44,html,4ab76075,pelicheng,2025-01-16,16:51:50,-08:00,2025-01-16T16:51:50-08:00,0,8
projects/index.html,45,html,4ab76075,pelicheng,2025-01-16,16:51:50,-08:00,2025-01-16T16:51:50-08:00,0,32
projects/index.html,46,html,4ab76075,pelicheng,2025-01-16,16:51:50,-08:00,2025-01-16T16:51:50-08:00,0,71
projects/index.html,47,html,4ab76075,pelicheng,2025-01-16,16:51:50,-08:00,2025-01-16T16:51:50-08:00,0,217
projects/index.html,48,html,4ab76075,pelicheng,2025-01-16,16:51:50,-08:00,2025-01-16T16:51:50-08:00,0,9
projects/index.html,49,html,4ab76075,pelicheng,2025-01-16,16:51:50,-08:00,2025-01-16T16:51:50-08:00,0,8
projects/index.html,50,html,4ab76075,pelicheng,2025-01-16,16:51:50,-08:00,2025-01-16T16:51:50-08:00,0,40
projects/index.html,51,html,4ab76075,pelicheng,2025-01-16,16:51:50,-08:00,2025-01-16T16:51:50-08:00,0,71
projects/index.html,52,html,4ab76075,pelicheng,2025-01-16,16:51:50,-08:00,2025-01-16T16:51:50-08:00,0,190
projects/index.html,53,html,4ab76075,pelicheng,2025-01-16,16:51:50,-08:00,2025-01-16T16:51:50-08:00,0,9
projects/index.html,54,html,4ab76075,pelicheng,2025-01-16,16:51:50,-08:00,2025-01-16T16:51:50-08:00,0,8
projects/index.html,55,html,4ab76075,pelicheng,2025-01-16,16:51:50,-08:00,2025-01-16T16:51:50-08:00,0,41
projects/index.html,56,html,4ab76075,pelicheng,2025-01-16,16:51:50,-08:00,2025-01-16T16:51:50-08:00,0,71
projects/index.html,57,html,4ab76075,pelicheng,2025-01-16,16:51:50,-08:00,2025-01-16T16:51:50-08:00,0,207
projects/index.html,58,html,4ab76075,pelicheng,2025-01-16,16:51:50,-08:00,2025-01-16T16:51:50-08:00,0,9
projects/index.html,59,html,4ab76075,pelicheng,2025-01-16,16:51:50,-08:00,2025-01-16T16:51:50-08:00,0,8
projects/index.html,60,html,4ab76075,pelicheng,2025-01-16,16:51:50,-08:00,2025-01-16T16:51:50-08:00,0,39
projects/index.html,61,html,4ab76075,pelicheng,2025-01-16,16:51:50,-08:00,2025-01-16T16:51:50-08:00,0,71
projects/index.html,62,html,4ab76075,pelicheng,2025-01-16,16:51:50,-08:00,2025-01-16T16:51:50-08:00,0,227
projects/index.html,63,html,4ab76075,pelicheng,2025-01-16,16:51:50,-08:00,2025-01-16T16:51:50-08:00,0,9
projects/index.html,64,html,4ab76075,pelicheng,2025-01-16,16:51:50,-08:00,2025-01-16T16:51:50-08:00,0,8
projects/index.html,65,html,4ab76075,pelicheng,2025-01-16,16:51:50,-08:00,2025-01-16T16:51:50-08:00,0,39
projects/index.html,66,html,4ab76075,pelicheng,2025-01-16,16:51:50,-08:00,2025-01-16T16:51:50-08:00,0,71
projects/index.html,67,html,4ab76075,pelicheng,2025-01-16,16:51:50,-08:00,2025-01-16T16:51:50-08:00,0,224
projects/index.html,68,html,4ab76075,pelicheng,2025-01-16,16:51:50,-08:00,2025-01-16T16:51:50-08:00,0,9
projects/index.html,69,html,4ab76075,pelicheng,2025-01-16,16:51:50,-08:00,2025-01-16T16:51:50-08:00,0,8
projects/index.html,70,html,4ab76075,pelicheng,2025-01-16,16:51:50,-08:00,2025-01-16T16:51:50-08:00,0,42
projects/index.html,71,html,4ab76075,pelicheng,2025-01-16,16:51:50,-08:00,2025-01-16T16:51:50-08:00,0,71
projects/index.html,72,html,4ab76075,pelicheng,2025-01-16,16:51:50,-08:00,2025-01-16T16:51:50-08:00,0,220
projects/index.html,73,html,4ab76075,pelicheng,2025-01-16,16:51:50,-08:00,2025-01-16T16:51:50-08:00,0,9
projects/index.html,74,html,4ab76075,pelicheng,2025-01-16,16:51:50,-08:00,2025-01-16T16:51:50-08:00,0,8
projects/index.html,75,html,4ab76075,pelicheng,2025-01-16,16:51:50,-08:00,2025-01-16T16:51:50-08:00,0,41
projects/index.html,76,html,4ab76075,pelicheng,2025-01-16,16:51:50,-08:00,2025-01-16T16:51:50-08:00,0,71
projects/index.html,77,html,4ab76075,pelicheng,2025-01-16,16:51:50,-08:00,2025-01-16T16:51:50-08:00,0,225
projects/index.html,78,html,4ab76075,pelicheng,2025-01-16,16:51:50,-08:00,2025-01-16T16:51:50-08:00,0,9
projects/index.html,79,html,4ab76075,pelicheng,2025-01-16,16:51:50,-08:00,2025-01-16T16:51:50-08:00,0,8
projects/index.html,80,html,4ab76075,pelicheng,2025-01-16,16:51:50,-08:00,2025-01-16T16:51:50-08:00,0,37
projects/index.html,81,html,4ab76075,pelicheng,2025-01-16,16:51:50,-08:00,2025-01-16T16:51:50-08:00,0,71
projects/index.html,82,html,4ab76075,pelicheng,2025-01-16,16:51:50,-08:00,2025-01-16T16:51:50-08:00,0,235
projects/index.html,83,html,4ab76075,pelicheng,2025-01-16,16:51:50,-08:00,2025-01-16T16:51:50-08:00,0,9
projects/index.html,84,html,4ab76075,pelicheng,2025-01-16,16:51:50,-08:00,2025-01-16T16:51:50-08:00,0,8
projects/index.html,85,html,4ab76075,pelicheng,2025-01-16,16:51:50,-08:00,2025-01-16T16:51:50-08:00,0,42
projects/index.html,86,html,4ab76075,pelicheng,2025-01-16,16:51:50,-08:00,2025-01-16T16:51:50-08:00,0,71
projects/index.html,87,html,4ab76075,pelicheng,2025-01-16,16:51:50,-08:00,2025-01-16T16:51:50-08:00,0,235
projects/index.html,88,html,fac33c26,pelicheng,2025-01-31,00:46:59,-08:00,2025-01-31T00:46:59-08:00,0,13
projects/index.html,89,html,4ab76075,pelicheng,2025-01-16,16:51:50,-08:00,2025-01-16T16:51:50-08:00,0,5
projects/index.html,90,html,4ab76075,pelicheng,2025-01-16,16:51:50,-08:00,2025-01-16T16:51:50-08:00,0,0
projects/index.html,91,html,fac33c26,pelicheng,2025-01-31,00:46:59,-08:00,2025-01-31T00:46:59-08:00,0,49
projects/index.html,92,html,fac33c26,pelicheng,2025-01-31,00:46:59,-08:00,2025-01-31T00:46:59-08:00,0,48
projects/index.html,93,html,85ddde82,pelicheng,2025-01-10,01:51:49,-08:00,2025-01-10T01:51:49-08:00,0,6
projects/index.html,94,html,85ddde82,pelicheng,2025-01-10,01:51:49,-08:00,2025-01-10T01:51:49-08:00,0,6
contact/index.html,1,html,85ddde82,pelicheng,2025-01-10,01:51:49,-08:00,2025-01-10T01:51:49-08:00,0,14
contact/index.html,2,html,85ddde82,pelicheng,2025-01-10,01:51:49,-08:00,2025-01-10T01:51:49-08:00,0,15
contact/index.html,3,html,85ddde82,pelicheng,2025-01-10,01:51:49,-08:00,2025-01-10T01:51:49-08:00,0,5
contact/index.html,4,html,85ddde82,pelicheng,2025-01-10,01:51:49,-08:00,2025-01-10T01:51:49-08:00,0,21
contact/index.html,5,html,85ddde82,pelicheng,2025-01-10,01:51:49,-08:00,2025-01-10T01:51:49-08:00,0,69
contact/index.html,6,html,85ddde82,pelicheng,2025-01-10,01:51:49,-08:00,2025-01-10T01:51:49-08:00,0,21
contact/index.html,7,html,4ab76075,pelicheng,2025-01-16,16:51:50,-08:00,2025-01-16T16:51:50-08:00,0,46
contact/index.html,8,html,85ddde82,pelicheng,2025-01-10,01:51:49,-08:00,2025-01-10T01:51:49-08:00,0,6
contact/index.html,9,html,85ddde82,pelicheng,2025-01-10,01:51:49,-08:00,2025-01-10T01:51:49-08:00,0,5
contact/index.html,10,html,4ab76075,pelicheng,2025-01-16,16:51:50,-08:00,2025-01-16T16:51:50-08:00,0,15
contact/index.html,11,html,4ab76075,pelicheng,2025-01-16,16:51:50,-08:00,2025-01-16T16:51:50-08:00,0,0
contact/index.html,12,html,136cf018,pelicheng,2025-01-22,00:03:50,-08:00,2025-01-22T00:03:50-08:00,0,54
contact/index.html,13,html,85ddde82,pelicheng,2025-01-10,01:51:49,-08:00,2025-01-10T01:51:49-08:00,0,6
contact/index.html,14,html,85ddde82,pelicheng,2025-01-10,01:51:49,-08:00,2025-01-10T01:51:49-08:00,0,7
contact/index.html,15,html,85ddde82,pelicheng,2025-01-10,01:51:49,-08:00,2025-01-10T01:51:49-08:00,0,23
contact/index.html,16,html,85ddde82,pelicheng,2025-01-10,01:51:49,-08:00,2025-01-10T01:51:49-08:00,0,7
contact/index.html,17,html,85ddde82,pelicheng,2025-01-10,01:51:49,-08:00,2025-01-10T01:51:49-08:00,0,0
contact/index.html,18,html,85ddde82,pelicheng,2025-01-10,01:51:49,-08:00,2025-01-10T01:51:49-08:00,0,6
contact/index.html,19,html,4ab76075,pelicheng,2025-01-16,16:51:50,-08:00,2025-01-16T16:51:50-08:00,0,7
contact/index.html,20,html,85ddde82,pelicheng,2025-01-10,01:51:49,-08:00,2025-01-10T01:51:49-08:00,0,34
contact/index.html,21,html,85ddde82,pelicheng,2025-01-10,01:51:49,-08:00,2025-01-10T01:51:49-08:00,0,7
contact/index.html,22,html,85ddde82,pelicheng,2025-01-10,01:51:49,-08:00,2025-01-10T01:51:49-08:00,0,0
contact/index.html,23,html,85ddde82,pelicheng,2025-01-10,01:51:49,-08:00,2025-01-10T01:51:49-08:00,0,22
contact/index.html,24,html,85ddde82,pelicheng,2025-01-10,01:51:49,-08:00,2025-01-10T01:51:49-08:00,0,6
contact/index.html,25,html,197661b7,pelicheng,2025-01-21,20:47:35,-08:00,2025-01-21T20:47:35-08:00,0,0
contact/index.html,26,html,197661b7,pelicheng,2025-01-21,20:47:35,-08:00,2025-01-21T20:47:35-08:00,0,53
contact/index.html,27,html,85ddde82,pelicheng,2025-01-10,01:51:49,-08:00,2025-01-10T01:51:49-08:00,0,6
contact/index.html,28,html,85ddde82,pelicheng,2025-01-10,01:51:49,-08:00,2025-01-10T01:51:49-08:00,0,6
